Entity,Code,Year,60% of median - share of population below poverty line
Albania,ALB,1996,14.8025142
Albania,ALB,2002,16.02055356
Albania,ALB,2005,16.67577033
Albania,ALB,2008,14.13715421
Albania,ALB,2012,14.84282292
Albania,ALB,2014,22.21602388
Albania,ALB,2015,18.76418998
Albania,ALB,2016,20.06597024
Albania,ALB,2017,19.17304681
Albania,ALB,2018,18.66027629
Albania,ALB,2019,16.57650596
Algeria,DZA,1988,20.97476711
Algeria,DZA,1995,21.6365332
Algeria,DZA,2011,13.21536621
Angola,AGO,2000,28.83104912
Angola,AGO,2008,24.76062915
Angola,AGO,2018,29.14511599
Argentina - urban,,1980,25.90813965
Argentina - urban,,1986,24.59991056
Argentina - urban,,1987,25.69625869
Argentina - urban,,1991,23.70645516
Argentina - urban,,1992,25.75061451
Argentina - urban,,1993,26.13367451
Argentina - urban,,1994,26.59362094
Argentina - urban,,1995,28.02906786
Argentina - urban,,1996,28.52715306
Argentina - urban,,1997,28.98664354
Argentina - urban,,1998,28.94319403
Argentina - urban,,1999,29.40494941
Argentina - urban,,2000,31.20260014
Argentina - urban,,2001,31.07726443
Argentina - urban,,2002,31.27049755
Argentina - urban,,2003,30.01920556
Argentina - urban,,2004,30.35851159
Argentina - urban,,2005,29.55122974
Argentina - urban,,2006,29.09093726
Argentina - urban,,2007,29.28424756
Argentina - urban,,2008,28.30595151
Argentina - urban,,2009,28.2129366
Argentina - urban,,2010,28.35128697
Argentina - urban,,2011,27.34748415
Argentina - urban,,2012,26.70304792
Argentina - urban,,2013,27.12826228
Argentina - urban,,2014,26.69873824
Argentina - urban,,2016,27.17548153
Argentina - urban,,2017,26.43664106
Argentina - urban,,2018,26.80652042
Argentina - urban,,2019,27.49509636
Argentina - urban,,2020,28.30217482
Armenia,ARM,1996,24.02863281
Armenia,ARM,1999,15.9973703
Armenia,ARM,2001,15.8594868
Armenia,ARM,2002,14.22980589
Armenia,ARM,2003,13.32154742
Armenia,ARM,2004,14.42051354
Armenia,ARM,2005,13.24608322
Armenia,ARM,2006,13.91430919
Armenia,ARM,2007,15.95141703
Armenia,ARM,2008,12.98248665
Armenia,ARM,2009,12.68796351
Armenia,ARM,2010,12.56591339
Armenia,ARM,2011,13.66713048
Armenia,ARM,2012,13.48056263
Armenia,ARM,2013,15.12747949
Armenia,ARM,2014,16.28045263
Armenia,ARM,2015,16.3000151
Armenia,ARM,2016,20.3039623
Armenia,ARM,2017,13.61630671
Armenia,ARM,2018,13.94358026
Armenia,ARM,2019,13.65242
Armenia,ARM,2020,9.641802942
Australia,AUS,1981,15.98841022
Australia,AUS,1985,16.33676017
Australia,AUS,1989,17.49428259
Australia,AUS,1995,16.99987374
Australia,AUS,2001,17.4973179
Australia,AUS,2003,17.24681611
Australia,AUS,2004,17.23062309
Australia,AUS,2008,18.33528701
Australia,AUS,2010,18.00035064
Australia,AUS,2014,16.74688893
Australia,AUS,2016,17.47985751
Australia,AUS,2018,17.22199066
Austria,AUT,1987,11.22377034
Austria,AUT,1994,15.9945232
Austria,AUT,1995,19.74777881
Austria,AUT,1997,16.47284614
Austria,AUT,2000,14.49724848
Austria,AUT,2003,14.93945221
Austria,AUT,2004,15.36111031
Austria,AUT,2005,14.71253641
Austria,AUT,2006,14.61934234
Austria,AUT,2007,17.31913871
Austria,AUT,2008,17.21534785
Austria,AUT,2009,17.54959574
Austria,AUT,2010,17.17846191
Austria,AUT,2011,17.39866726
Austria,AUT,2012,16.66326686
Austria,AUT,2013,15.8942319
Austria,AUT,2014,17.32020169
Austria,AUT,2015,18.14284631
Austria,AUT,2016,17.39610617
Austria,AUT,2017,17.43443916
Austria,AUT,2018,17.54940497
Austria,AUT,2019,16.5416394
Azerbaijan,AZE,1995,19.71862346
Azerbaijan,AZE,2001,16.64858786
Azerbaijan,AZE,2002,5.872973407
Azerbaijan,AZE,2003,8.834081653
Azerbaijan,AZE,2004,5.834421083
Azerbaijan,AZE,2005,5.172372994
Bangladesh,BGD,1983,12.27561279
Bangladesh,BGD,1988,13.36182129
Bangladesh,BGD,1991,11.93478477
Bangladesh,BGD,1995,11.54903874
Bangladesh,BGD,2000,11.98720136
Bangladesh,BGD,2005,11.90063027
Bangladesh,BGD,2010,12.25065574
Bangladesh,BGD,2016,13.42760827
Belarus,BLR,1993,10.16421875
Belarus,BLR,1995,16.58383301
Belarus,BLR,1998,17.18210502
Belarus,BLR,1999,19.13429856
Belarus,BLR,2000,18.02369795
Belarus,BLR,2001,16.89041187
Belarus,BLR,2002,17.20127813
Belarus,BLR,2003,16.20011091
Belarus,BLR,2004,13.57315561
Belarus,BLR,2005,15.68591162
Belarus,BLR,2006,16.09874081
Belarus,BLR,2007,15.78453939
Belarus,BLR,2008,14.90202191
Belarus,BLR,2009,14.81309013
Belarus,BLR,2010,14.97473826
Belarus,BLR,2011,14.44043073
Belarus,BLR,2012,13.54544301
Belarus,BLR,2013,12.37036032
Belarus,BLR,2014,13.67392756
Belarus,BLR,2015,12.73727386
Belarus,BLR,2016,11.52582566
Belarus,BLR,2017,11.49727913
Belarus,BLR,2018,10.59147661
Belarus,BLR,2019,10.91030598
Belarus,BLR,2020,10.48724336
Belgium,BEL,1985,13.2376221
Belgium,BEL,1988,12.74841375
Belgium,BEL,1992,12.24110221
Belgium,BEL,1995,14.97505807
Belgium,BEL,1997,12.99702621
Belgium,BEL,2000,12.92788491
Belgium,BEL,2003,15.83040724
Belgium,BEL,2004,15.47634988
Belgium,BEL,2005,14.32119515
Belgium,BEL,2006,15.02126019
Belgium,BEL,2007,15.0065755
Belgium,BEL,2008,14.99172397
Belgium,BEL,2009,14.9754016
Belgium,BEL,2010,15.06141152
Belgium,BEL,2011,16.16098801
Belgium,BEL,2012,15.35569421
Belgium,BEL,2013,15.69525209
Belgium,BEL,2014,16.31365435
Belgium,BEL,2015,16.81391836
Belgium,BEL,2016,16.2934439
Belgium,BEL,2017,15.37574253
Belgium,BEL,2018,15.24334441
Belgium,BEL,2019,14.33834031
Belize,BLZ,1993,26.84154582
Belize,BLZ,1994,24.47736586
Belize,BLZ,1995,34.75378439
Belize,BLZ,1996,25.09717477
Belize,BLZ,1997,28.36999762
Belize,BLZ,1998,27.72240993
Belize,BLZ,1999,27.11115059
Benin,BEN,2003,18.62206953
Benin,BEN,2011,19.36438625
Benin,BEN,2015,24.38102526
Benin,BEN,2018,18.95257279
Bhutan,BTN,2003,21.44020553
Bhutan,BTN,2007,21.34974022
Bhutan,BTN,2012,20.15953717
Bhutan,BTN,2017,21.88396202
Bolivia,BOL,1997,30.97943992
Bolivia,BOL,1999,34.63632424
Bolivia,BOL,2000,34.29903558
Bolivia,BOL,2001,31.51767984
Bolivia,BOL,2002,32.05565964
Bolivia,BOL,2004,27.99486177
Bolivia,BOL,2005,30.95774516
Bolivia,BOL,2006,31.19966166
Bolivia,BOL,2007,31.77093908
Bolivia,BOL,2008,28.71190771
Bolivia,BOL,2009,28.83651686
Bolivia,BOL,2011,27.17703555
Bolivia,BOL,2012,28.52040671
Bolivia,BOL,2013,28.57270942
Bolivia,BOL,2014,27.58425785
Bolivia,BOL,2015,27.77533738
Bolivia,BOL,2016,27.74094342
Bolivia,BOL,2017,27.89962389
Bolivia,BOL,2018,26.01617026
Bolivia,BOL,2019,23.88365123
Bolivia,BOL,2020,24.00121625
Bolivia - urban,,1990,25.38900814
Bolivia - urban,,1992,24.37121361
Bosnia and Herzegovina,BIH,2001,13.86699937
Bosnia and Herzegovina,BIH,2004,18.38299882
Bosnia and Herzegovina,BIH,2007,18.89613079
Bosnia and Herzegovina,BIH,2011,19.07970341
Botswana,BWA,1985,29.73027236
Botswana,BWA,1993,29.76479004
Botswana,BWA,2002,30.02182199
Botswana,BWA,2009,30.06480903
Botswana,BWA,2015,27.66923263
Brazil,BRA,1981,30.67420193
Brazil,BRA,1982,31.0961569
Brazil,BRA,1983,30.9985436
Brazil,BRA,1984,30.35431489
Brazil,BRA,1985,30.52911715
Brazil,BRA,1986,30.44068523
Brazil,BRA,1987,31.51051747
Brazil,BRA,1988,32.06289872
Brazil,BRA,1989,31.87955087
Brazil,BRA,1990,32.12226195
Brazil,BRA,1992,31.30974584
Brazil,BRA,1993,30.78834872
Brazil,BRA,1995,30.93254717
Brazil,BRA,1996,31.63788174
Brazil,BRA,1997,31.70061846
Brazil,BRA,1998,31.3431261
Brazil,BRA,1999,31.31563649
Brazil,BRA,2001,31.33186167
Brazil,BRA,2002,31.01060231
Brazil,BRA,2003,30.9934006
Brazil,BRA,2004,30.4944538
Brazil,BRA,2005,30.41607449
Brazil,BRA,2006,29.80313992
Brazil,BRA,2007,30.27951206
Brazil,BRA,2008,29.30897704
Brazil,BRA,2009,29.39277026
Brazil,BRA,2011,29.00136532
Brazil,BRA,2012,29.28862011
Brazil,BRA,2013,28.55536188
Brazil,BRA,2014,28.40587905
Brazil,BRA,2015,28.37258325
Brazil,BRA,2016,29.03126943
Brazil,BRA,2017,29.40800909
Brazil,BRA,2018,29.47858564
Brazil,BRA,2019,29.82175799
Brazil,BRA,2020,24.36284253
Bulgaria,BGR,1989,10.42051514
Bulgaria,BGR,1992,17.08191427
Bulgaria,BGR,1994,10.27406006
Bulgaria,BGR,1995,15.83850932
Bulgaria,BGR,1997,9.920126953
Bulgaria,BGR,2001,19.18487733
Bulgaria,BGR,2003,13.94466213
Bulgaria,BGR,2006,21.08918276
Bulgaria,BGR,2007,15.58303317
Bulgaria,BGR,2008,18.86493427
Bulgaria,BGR,2009,19.98032081
Bulgaria,BGR,2010,21.23453657
Bulgaria,BGR,2011,19.89689455
Bulgaria,BGR,2012,20.32892807
Bulgaria,BGR,2013,20.85999207
Bulgaria,BGR,2014,20.56796906
Bulgaria,BGR,2015,21.42150376
Bulgaria,BGR,2016,21.45431882
Bulgaria,BGR,2017,20.64419293
Bulgaria,BGR,2018,19.92854825
Bulgaria,BGR,2019,20.63423247
Burkina Faso,BFA,1994,19.27079675
Burkina Faso,BFA,1998,20.14749417
Burkina Faso,BFA,2003,20.016822
Burkina Faso,BFA,2009,18.87465623
Burkina Faso,BFA,2014,12.1449675
Burkina Faso,BFA,2018,20.48312615
Burundi,BDI,1992,17.92633789
Burundi,BDI,1998,24.06615165
Burundi,BDI,2006,10.40458195
Burundi,BDI,2013,18.55537246
Cameroon,CMR,1996,17.03082808
Cameroon,CMR,2001,21.36085533
Cameroon,CMR,2007,23.8813505
Cameroon,CMR,2014,28.73445022
Canada,CAN,1971,22.24887869
Canada,CAN,1975,19.24621865
Canada,CAN,1981,18.24745017
Canada,CAN,1987,17.72405479
Canada,CAN,1991,17.49760564
Canada,CAN,1994,17.99819813
Canada,CAN,1997,19.24208573
Canada,CAN,1998,19.49685253
Canada,CAN,2000,19.4854997
Canada,CAN,2004,19.99593723
Canada,CAN,2007,18.99782654
Canada,CAN,2010,19.74723521
Canada,CAN,2012,20.99024924
Canada,CAN,2013,20.7428433
Canada,CAN,2014,19.74943749
Canada,CAN,2015,20.24783569
Canada,CAN,2016,19.74910699
Canada,CAN,2017,20.23830472
Cape Verde,CPV,2001,26.90407851
Cape Verde,CPV,2007,25.09981303
Cape Verde,CPV,2015,23.82349632
Central African Republic,CAF,1992,34.2094801
Central African Republic,CAF,2008,28.07917899
Chad,TCD,2003,21.43216579
Chad,TCD,2011,26.74566397
Chad,TCD,2018,19.14930706
Chile,CHL,1987,27.53050209
Chile,CHL,1990,27.19635084
Chile,CHL,1992,25.67715308
Chile,CHL,1994,27.31587934
Chile,CHL,1996,26.81430863
Chile,CHL,1998,27.24202724
Chile,CHL,2000,26.42341
Chile,CHL,2003,26.35098706
Chile,CHL,2006,23.43028956
Chile,CHL,2009,22.34031847
Chile,CHL,2011,21.99078348
Chile,CHL,2013,21.52007347
Chile,CHL,2015,21.10390227
Chile,CHL,2017,20.92983953
Chile,CHL,2020,21.57841667
China,CHN,1981,15.74228761
China,CHN,1984,15.90823614
China,CHN,1987,18.20995038
China,CHN,1990,16.14326658
China,CHN,1993,16.79184874
China,CHN,1996,19.62781282
China,CHN,1999,22.20278399
China,CHN,2002,25.10764375
China,CHN,2005,23.72708274
China,CHN,2008,26.38942476
China,CHN,2010,26.82602939
China,CHN,2011,25.44176952
China,CHN,2012,25.694247
China,CHN,2013,22.78160153
China,CHN,2014,22.77830377
China,CHN,2015,22.27596221
China,CHN,2016,22.21051385
China,CHN,2017,22.74222022
China,CHN,2018,22.28885601
China,CHN,2019,21.59268433
China - rural,,1981,13.3496167
China - rural,,1984,14.03278614
China - rural,,1987,16.90045401
China - rural,,1990,14.04527832
China - rural,,1993,14.04872205
China - rural,,1996,16.87914243
China - rural,,1999,18.5121582
China - rural,,2002,19.62928517
China - rural,,2005,19.56175293
China - rural,,2008,21.29480469
China - rural,,2010,21.19716797
China - rural,,2011,20.83103027
China - rural,,2012,21.66094238
China - rural,,2013,18.90270508
China - rural,,2014,19.07356934
China - rural,,2015,18.48774902
China - rural,,2016,18.41452148
China - rural,,2017,18.62199951
China - rural,,2018,18.40231689
China - rural,,2019,17.04760742
China - urban,,1981,6.161113281
China - urban,,1984,4.891835938
China - urban,,1987,7.894165039
China - urban,,1990,13.26418457
China - urban,,1993,14.80196289
China - urban,,1996,15.58305664
China - urban,,1999,18.02397461
China - urban,,2002,18.43893066
China - urban,,2005,19.34207031
China - urban,,2008,19.39088867
China - urban,,2010,19.73261719
China - urban,,2011,19.51293457
China - urban,,2012,19.70820801
China - urban,,2013,21.91723877
China - urban,,2014,22.34439941
China - urban,,2015,21.90503418
China - urban,,2016,21.95385254
China - urban,,2017,22.56408203
China - urban,,2018,22.45641963
China - urban,,2019,22.61290039
Colombia,COL,1992,26.58508087
Colombia,COL,1996,28.7277488
Colombia,COL,1999,30.1224241
Colombia,COL,2000,27.90937694
Colombia,COL,2001,27.8843577
Colombia,COL,2002,27.86380261
Colombia,COL,2003,27.55484773
Colombia,COL,2004,26.80765155
Colombia,COL,2005,27.04527058
Colombia,COL,2008,29.62362458
Colombia,COL,2009,28.72060552
Colombia,COL,2010,28.5115593
Colombia,COL,2011,28.05921843
Colombia,COL,2012,28.5419904
Colombia,COL,2013,28.36530576
Colombia,COL,2014,28.28037261
Colombia,COL,2015,27.76695215
Colombia,COL,2016,27.34987776
Colombia,COL,2017,26.90621761
Colombia,COL,2018,27.17744027
Colombia,COL,2019,27.88493294
Colombia,COL,2020,28.78956186
Colombia - urban,,1980,31.70408879
Colombia - urban,,1988,30.22322908
Colombia - urban,,1989,29.25219727
Colombia - urban,,1991,29.65759605
Comoros,COM,2004,24.62928629
Comoros,COM,2014,26.61762894
Congo,COG,2005,24.53261605
Congo,COG,2011,28.18401267
Costa Rica,CRI,1981,30.50090719
Costa Rica,CRI,1986,25.17571383
Costa Rica,CRI,1989,27.60304142
Costa Rica,CRI,1990,26.32394208
Costa Rica,CRI,1991,27.9093758
Costa Rica,CRI,1992,26.09437637
Costa Rica,CRI,1993,26.59722765
Costa Rica,CRI,1994,26.35680885
Costa Rica,CRI,1995,26.26333724
Costa Rica,CRI,1996,26.7535844
Costa Rica,CRI,1997,26.87987106
Costa Rica,CRI,1998,25.89702371
Costa Rica,CRI,1999,26.61159705
Costa Rica,CRI,2000,26.91363264
Costa Rica,CRI,2001,27.56704906
Costa Rica,CRI,2002,27.25700513
Costa Rica,CRI,2003,27.26329891
Costa Rica,CRI,2004,26.91090608
Costa Rica,CRI,2005,26.14849411
Costa Rica,CRI,2006,26.09820044
Costa Rica,CRI,2007,25.39112181
Costa Rica,CRI,2008,25.13614494
Costa Rica,CRI,2009,27.20326962
Costa Rica,CRI,2010,25.58671518
Costa Rica,CRI,2011,27.24803988
Costa Rica,CRI,2012,26.77104244
Costa Rica,CRI,2013,26.03891159
Costa Rica,CRI,2014,26.50483088
Costa Rica,CRI,2015,25.51459858
Costa Rica,CRI,2016,26.39739774
Costa Rica,CRI,2017,25.58983887
Costa Rica,CRI,2018,25.97070527
Costa Rica,CRI,2019,25.97021298
Costa Rica,CRI,2020,26.99597023
Cote d'Ivoire,CIV,1985,24.25831276
Cote d'Ivoire,CIV,1986,21.04757775
Cote d'Ivoire,CIV,1987,20.63770834
Cote d'Ivoire,CIV,1988,19.20247976
Cote d'Ivoire,CIV,1992,23.01799263
Cote d'Ivoire,CIV,1995,20.70189303
Cote d'Ivoire,CIV,1998,22.17908923
Cote d'Ivoire,CIV,2002,19.1371827
Cote d'Ivoire,CIV,2008,23.45136359
Cote d'Ivoire,CIV,2015,22.3695775
Cote d'Ivoire,CIV,2018,19.83012139
Croatia,HRV,1998,15.18748391
Croatia,HRV,1999,13.21536621
Croatia,HRV,2000,16.8279248
Croatia,HRV,2001,17.34051758
Croatia,HRV,2004,14.98640009
Croatia,HRV,2008,15.88168153
Croatia,HRV,2009,16.07013488
Croatia,HRV,2010,13.68287628
Croatia,HRV,2011,20.84353705
Croatia,HRV,2012,19.98225876
Croatia,HRV,2013,20.8135901
Croatia,HRV,2014,20.82567303
Croatia,HRV,2015,20.37695285
Croatia,HRV,2016,19.75406242
Croatia,HRV,2017,19.0859468
Croatia,HRV,2018,17.93985035
Croatia,HRV,2019,17.03912885
Cyprus,CYP,2004,14.60506695
Cyprus,CYP,2005,13.84849753
Cyprus,CYP,2006,13.96772736
Cyprus,CYP,2007,14.30002498
Cyprus,CYP,2008,14.97138543
Cyprus,CYP,2009,14.33834468
Cyprus,CYP,2010,14.17908723
Cyprus,CYP,2011,13.59097794
Cyprus,CYP,2012,15.20725851
Cyprus,CYP,2013,15.1225379
Cyprus,CYP,2014,16.42098281
Cyprus,CYP,2015,16.45381286
Cyprus,CYP,2016,15.28336917
Cyprus,CYP,2017,15.61848733
Cyprus,CYP,2018,14.20213938
Cyprus,CYP,2019,14.54051246
Czechia,CZE,1992,6.248565146
Czechia,CZE,1993,7.41208374
Czechia,CZE,1996,10.9990952
Czechia,CZE,2002,12.96936316
Czechia,CZE,2004,13.37702
Czechia,CZE,2005,13.35419567
Czechia,CZE,2006,12.44747868
Czechia,CZE,2007,10.88695265
Czechia,CZE,2008,10.4838488
Czechia,CZE,2009,11.12779758
Czechia,CZE,2010,12.75726811
Czechia,CZE,2011,13.1450055
Czechia,CZE,2012,12.54745634
Czechia,CZE,2013,12.30497101
Czechia,CZE,2014,11.06555033
Czechia,CZE,2015,10.89767635
Czechia,CZE,2016,9.893298951
Czechia,CZE,2017,9.35915896
Czechia,CZE,2018,9.117349517
Czechia,CZE,2019,9.011693576
Democratic Republic of Congo,COD,2004,22.88834847
Democratic Republic of Congo,COD,2012,23.64134082
Denmark,DNK,1987,11.99624018
Denmark,DNK,1992,10.49745243
Denmark,DNK,1995,8.748424996
Denmark,DNK,2000,9.748441946
Denmark,DNK,2003,10.92918143
Denmark,DNK,2004,10.71714272
Denmark,DNK,2005,10.28595345
Denmark,DNK,2006,10.10743714
Denmark,DNK,2007,10.14723208
Denmark,DNK,2008,10.41435499
Denmark,DNK,2009,12.27619899
Denmark,DNK,2010,11.62252911
Denmark,DNK,2011,11.28480195
Denmark,DNK,2012,10.8475829
Denmark,DNK,2013,12.02768615
Denmark,DNK,2014,11.20389757
Denmark,DNK,2015,10.75726647
Denmark,DNK,2016,12.16507282
Denmark,DNK,2017,12.37569245
Denmark,DNK,2018,12.14312959
Denmark,DNK,2019,10.72649379
Djibouti,DJI,2002,22.12843862
Djibouti,DJI,2012,24.75077318
Djibouti,DJI,2013,25.58350316
Djibouti,DJI,2017,23.04542831
Dominican Republic,DOM,1986,28.56371896
Dominican Republic,DOM,1989,28.129375
Dominican Republic,DOM,1992,25.93254883
Dominican Republic,DOM,1996,26.97330961
Dominican Republic,DOM,1997,27.57480586
Dominican Republic,DOM,2000,27.62658899
Dominican Republic,DOM,2001,27.44751831
Dominican Republic,DOM,2002,27.69826877
Dominican Republic,DOM,2003,27.18798345
Dominican Republic,DOM,2004,26.6958128
Dominican Republic,DOM,2005,26.71770636
Dominican Republic,DOM,2006,27.22312988
Dominican Republic,DOM,2007,26.2609773
Dominican Republic,DOM,2008,25.80999053
Dominican Republic,DOM,2009,25.98227074
Dominican Republic,DOM,2010,26.62622527
Dominican Republic,DOM,2011,25.58019444
Dominican Republic,DOM,2012,24.57303667
Dominican Republic,DOM,2013,24.79133958
Dominican Republic,DOM,2014,24.86226077
Dominican Republic,DOM,2015,24.92117087
Dominican Republic,DOM,2016,25.96483444
Dominican Republic,DOM,2017,21.49793839
Dominican Republic,DOM,2018,21.39832977
Dominican Republic,DOM,2019,21.71299005
Dominican Republic,DOM,2020,20.38358699
Ecuador,ECU,1994,27.83187685
Ecuador,ECU,1999,29.05378434
Ecuador,ECU,2000,28.60044172
Ecuador,ECU,2003,28.58042327
Ecuador,ECU,2004,28.43116437
Ecuador,ECU,2005,28.7120002
Ecuador,ECU,2006,27.8054065
Ecuador,ECU,2007,27.42787338
Ecuador,ECU,2008,27.81475324
Ecuador,ECU,2009,26.55273662
Ecuador,ECU,2010,26.61368018
Ecuador,ECU,2011,26.26424835
Ecuador,ECU,2012,27.36395146
Ecuador,ECU,2013,26.45518228
Ecuador,ECU,2014,25.64300409
Ecuador,ECU,2015,25.77531232
Ecuador,ECU,2016,25.39282989
Ecuador,ECU,2017,26.09997105
Ecuador,ECU,2018,26.12852783
Ecuador,ECU,2019,26.51327675
Ecuador,ECU,2020,26.10840316
Ecuador - urban,,1987,29.56942934
Ecuador - urban,,1995,24.79719099
Ecuador - urban,,1998,23.63718643
Egypt,EGY,1990,14.85078125
Egypt,EGY,1995,10.18862793
Egypt,EGY,1999,11.11617676
Egypt,EGY,2004,11.77307858
Egypt,EGY,2008,10.9264934
Egypt,EGY,2010,10.52128724
Egypt,EGY,2012,9.175954972
Egypt,EGY,2015,10.8033403
Egypt,EGY,2017,11.74614464
El Salvador,SLV,1989,30.64352051
El Salvador,SLV,1991,29.69769389
El Salvador,SLV,1995,27.8877486
El Salvador,SLV,1996,28.10060894
El Salvador,SLV,1998,32.2117122
El Salvador,SLV,1999,29.62004987
El Salvador,SLV,2000,29.13691114
El Salvador,SLV,2001,29.58600059
El Salvador,SLV,2002,29.58170837
El Salvador,SLV,2003,29.42409196
El Salvador,SLV,2004,26.36732571
El Salvador,SLV,2005,27.11882799
El Salvador,SLV,2006,25.18625222
El Salvador,SLV,2007,23.44221674
El Salvador,SLV,2008,25.20420406
El Salvador,SLV,2009,25.00873007
El Salvador,SLV,2010,25.01510137
El Salvador,SLV,2011,23.37504899
El Salvador,SLV,2012,23.19220707
El Salvador,SLV,2013,23.52602213
El Salvador,SLV,2014,22.86107286
El Salvador,SLV,2015,21.97576737
El Salvador,SLV,2016,23.37241084
El Salvador,SLV,2017,22.2327001
El Salvador,SLV,2018,22.66916461
El Salvador,SLV,2019,21.77303161
Estonia,EST,1993,21.05071289
Estonia,EST,1995,19.24443359
Estonia,EST,1998,21.05071289
Estonia,EST,2000,19.77887026
Estonia,EST,2001,18.87525207
Estonia,EST,2002,20.02463903
Estonia,EST,2003,19.67753193
Estonia,EST,2004,20.58251138
Estonia,EST,2005,16.06662692
Estonia,EST,2006,15.54790119
Estonia,EST,2007,15.08380622
Estonia,EST,2008,15.28908865
Estonia,EST,2009,16.18327241
Estonia,EST,2010,17.40342343
Estonia,EST,2011,16.40241886
Estonia,EST,2012,16.35570405
Estonia,EST,2013,16.7419284
Estonia,EST,2014,16.57879694
Estonia,EST,2015,15.52431292
Estonia,EST,2016,15.12351254
Estonia,EST,2017,15.43435891
Estonia,EST,2018,15.48169592
Estonia,EST,2019,14.74118537
Eswatini,SWZ,1994,31.30256836
Eswatini,SWZ,2000,22.70635741
Eswatini,SWZ,2009,27.13154135
Eswatini,SWZ,2016,26.65177616
Ethiopia,ETH,1995,17.70134144
Ethiopia,ETH,1999,12.30865073
Ethiopia,ETH,2004,12.28624496
Ethiopia,ETH,2010,15.0880015
Ethiopia,ETH,2015,18.45494706
Ethiopia - rural,,1981,13.5937085
Fiji,FJI,2002,20.44647541
Fiji,FJI,2008,17.66573305
Fiji,FJI,2013,16.25749792
Fiji,FJI,2019,16.25591547
Finland,FIN,1987,8.996595929
Finland,FIN,1991,8.497768501
Finland,FIN,1995,7.988511508
Finland,FIN,2000,11.73806779
Finland,FIN,2003,12.0488198
Finland,FIN,2004,11.72972911
Finland,FIN,2005,11.65031414
Finland,FIN,2006,12.65823694
Finland,FIN,2007,12.57079514
Finland,FIN,2008,11.77824057
Finland,FIN,2009,12.39444249
Finland,FIN,2010,12.44992207
Finland,FIN,2011,12.28918614
Finland,FIN,2012,12.0121565
Finland,FIN,2013,12.59816217
Finland,FIN,2014,12.08609306
Finland,FIN,2015,12.19473342
Finland,FIN,2016,12.19280601
Finland,FIN,2017,12.24828359
Finland,FIN,2018,12.28162963
Finland,FIN,2019,12.98154305
France,FRA,1978,18.98219421
France,FRA,1984,19.74708728
France,FRA,1989,18.24269963
France,FRA,1994,17.24278445
France,FRA,2000,16.99786733
France,FRA,2003,15.54588406
France,FRA,2004,15.57082901
France,FRA,2005,14.82879528
France,FRA,2006,15.8835602
France,FRA,2007,15.59227107
France,FRA,2008,16.88415486
France,FRA,2009,17.27724675
France,FRA,2010,17.21450488
France,FRA,2011,16.2533772
France,FRA,2012,16.77179695
France,FRA,2013,16.12920059
France,FRA,2014,16.74525124
France,FRA,2015,16.99148046
France,FRA,2016,16.7361363
France,FRA,2017,16.40279519
France,FRA,2018,15.95612129
Gabon,GAB,2005,21.94278054
Gabon,GAB,2017,23.66653037
Gambia,GMB,1998,25.33500672
Gambia,GMB,2003,24.69775889
Gambia,GMB,2010,22.610179
Gambia,GMB,2015,17.31303329
Georgia,GEO,1996,23.19403815
Georgia,GEO,1997,25.4044315
Georgia,GEO,1998,24.60679727
Georgia,GEO,1999,24.43557445
Georgia,GEO,2000,23.68319057
Georgia,GEO,2001,22.14610896
Georgia,GEO,2002,21.99682295
Georgia,GEO,2003,22.17367566
Georgia,GEO,2004,22.42105755
Georgia,GEO,2005,22.90144895
Georgia,GEO,2006,21.86096999
Georgia,GEO,2007,21.94337653
Georgia,GEO,2008,23.036248
Georgia,GEO,2009,21.90552278
Georgia,GEO,2010,23.92903935
Georgia,GEO,2011,23.21855925
Georgia,GEO,2012,23.46255131
Georgia,GEO,2013,22.45825091
Georgia,GEO,2014,22.18307983
Georgia,GEO,2015,20.65484215
Georgia,GEO,2016,21.15324598
Georgia,GEO,2017,22.31216533
Georgia,GEO,2018,21.68915713
Georgia,GEO,2019,21.03967673
Georgia,GEO,2020,21.0088471
Germany,DEU,1991,14.98764517
Germany,DEU,1992,14.24517476
Germany,DEU,1993,13.72809172
Germany,DEU,1994,15.71901215
Germany,DEU,1995,14.98434358
Germany,DEU,1996,14.97315965
Germany,DEU,1997,14.74424437
Germany,DEU,1998,13.72840487
Germany,DEU,1999,14.24490229
Germany,DEU,2000,14.49553293
Germany,DEU,2001,14.48091422
Germany,DEU,2002,14.48373349
Germany,DEU,2003,14.99017055
Germany,DEU,2004,14.72619079
Germany,DEU,2005,15.74236351
Germany,DEU,2006,15.24752576
Germany,DEU,2007,15.4872939
Germany,DEU,2008,14.74177726
Germany,DEU,2009,15.49353759
Germany,DEU,2010,15.99760357
Germany,DEU,2011,15.49953594
Germany,DEU,2012,16.24474523
Germany,DEU,2013,16.74937081
Germany,DEU,2014,16.49810446
Germany,DEU,2015,16.99845492
Germany,DEU,2016,17.74678404
Germany,DEU,2017,16.99758852
Germany,DEU,2018,16.9999775
Ghana,GHA,1987,21.11122469
Ghana,GHA,1988,20.58693848
Ghana,GHA,1991,20.45796763
Ghana,GHA,1998,23.48135112
Ghana,GHA,2005,24.82543798
Ghana,GHA,2012,25.04638217
Ghana,GHA,2016,26.70569669
Greece,GRC,1995,23.24739241
Greece,GRC,2000,22.22447358
Greece,GRC,2003,20.37074982
Greece,GRC,2004,20.2626934
Greece,GRC,2005,20.16464222
Greece,GRC,2006,21.82918755
Greece,GRC,2007,20.66219728
Greece,GRC,2008,19.52030017
Greece,GRC,2009,19.94269584
Greece,GRC,2010,21.62805955
Greece,GRC,2011,23.418371
Greece,GRC,2012,24.3802022
Greece,GRC,2013,23.87095906
Greece,GRC,2014,23.20018843
Greece,GRC,2015,23.58262395
Greece,GRC,2016,22.21746288
Greece,GRC,2017,21.55065202
Greece,GRC,2018,20.71249285
Greece,GRC,2019,20.78733506
Guatemala,GTM,1986,31.27692644
Guatemala,GTM,1989,32.99777122
Guatemala,GTM,1998,29.30101563
Guatemala,GTM,2000,27.33993508
Guatemala,GTM,2006,29.94198077
Guatemala,GTM,2014,26.40809708
Guinea,GIN,1991,31.50057988
Guinea,GIN,1994,26.42047864
Guinea,GIN,2002,22.54969197
Guinea,GIN,2007,20.17114614
Guinea,GIN,2012,18.21085808
Guinea,GIN,2018,16.1452521
Guinea-Bissau,GNB,1993,24.46406661
Guinea-Bissau,GNB,2002,18.90591844
Guinea-Bissau,GNB,2010,23.79711047
Guinea-Bissau,GNB,2018,17.02081631
Guyana,GUY,1992,25.8736842
Guyana,GUY,1998,24.67012762
Haiti,HTI,2001,30.1017028
Haiti,HTI,2012,24.77702416
Honduras,HND,1989,31.38351379
Honduras,HND,1990,31.41131813
Honduras,HND,1991,28.55942885
Honduras,HND,1992,27.37579526
Honduras,HND,1993,28.20379744
Honduras,HND,1994,29.64147574
Honduras,HND,1995,29.54065891
Honduras,HND,1996,30.10955584
Honduras,HND,1997,29.50156888
Honduras,HND,1998,33.05155598
Honduras,HND,1999,31.43341175
Honduras,HND,2001,32.78371842
Honduras,HND,2002,31.80277816
Honduras,HND,2003,32.50946341
Honduras,HND,2004,32.84357533
Honduras,HND,2005,33.0620005
Honduras,HND,2006,33.11097277
Honduras,HND,2007,30.64943063
Honduras,HND,2008,31.30084928
Honduras,HND,2009,30.59491895
Honduras,HND,2010,30.53451578
Honduras,HND,2011,30.6338581
Honduras,HND,2012,31.38850234
Honduras,HND,2013,29.74266741
Honduras,HND,2014,30.30014657
Honduras,HND,2015,30.14779167
Honduras,HND,2016,31.31363913
Honduras,HND,2017,29.79856925
Honduras,HND,2018,30.44458637
Honduras,HND,2019,31.13277719
Honduras - urban,,1986,30.67146543
Hungary,HUN,1987,6.917797852
Hungary,HUN,1989,9.846899414
Hungary,HUN,1991,14.22708618
Hungary,HUN,1993,10.12760498
Hungary,HUN,1994,17.66719206
Hungary,HUN,1998,12.48814935
Hungary,HUN,1999,12.16478308
Hungary,HUN,2000,12.22606424
Hungary,HUN,2001,13.10844904
Hungary,HUN,2002,13.29497348
Hungary,HUN,2003,17.12129357
Hungary,HUN,2004,15.44393884
Hungary,HUN,2005,16.31028171
Hungary,HUN,2006,15.13431204
Hungary,HUN,2007,14.85771036
Hungary,HUN,2008,16.23157408
Hungary,HUN,2009,16.54922652
Hungary,HUN,2010,17.69948238
Hungary,HUN,2011,17.17477616
Hungary,HUN,2012,19.02424331
Hungary,HUN,2013,19.17248246
Hungary,HUN,2014,19.60261563
Hungary,HUN,2015,18.06594807
Hungary,HUN,2016,19.36119548
Hungary,HUN,2017,17.19504376
Hungary,HUN,2018,16.18361809
Hungary,HUN,2019,19.59022065
Iceland,ISL,2003,11.84434326
Iceland,ISL,2004,9.908812897
Iceland,ISL,2005,11.83280569
Iceland,ISL,2006,11.58480082
Iceland,ISL,2007,12.01527204
Iceland,ISL,2008,13.10169604
Iceland,ISL,2009,13.00018433
Iceland,ISL,2010,12.22967295
Iceland,ISL,2011,13.32729667
Iceland,ISL,2012,13.18150078
Iceland,ISL,2013,11.77851715
Iceland,ISL,2014,12.29791668
Iceland,ISL,2015,12.74177664
Iceland,ISL,2016,12.24772682
Iceland,ISL,2017,12.20248263
India,IND,1977,14.97544942
India,IND,1983,15.55774884
India,IND,1987,13.28805431
India,IND,1993,12.18285514
India,IND,2004,12.30367682
India,IND,2009,12.77405942
India,IND,2011,13.76747797
India,IND,2015,12.3538847
India,IND,2016,12.48999305
India,IND,2017,11.6377016
India,IND,2018,13.74533428
India,IND,2019,13.59955609
India - rural,,1977,13.48386719
India - rural,,1983,14.75314453
India - rural,,1987,12.09254395
India - rural,,1993,10.72150044
India - rural,,2004,10.37411008
India - rural,,2009,10.90098557
India - rural,,2011,11.60409065
India - rural,,2015,11.4429755
India - rural,,2016,10.87031832
India - rural,,2017,8.910389822
India - rural,,2018,10.46657134
India - rural,,2019,12.0251696
India - urban,,1977,17.34051758
India - urban,,1983,16.12005859
India - urban,,1987,17.53579102
India - urban,,1993,15.52230234
India - urban,,2004,18.76549358
India - urban,,2009,18.94244757
India - urban,,2011,18.54804311
India - urban,,2015,13.19118999
India - urban,,2016,16.78240477
India - urban,,2017,18.78405867
India - urban,,2018,21.34677884
India - urban,,2019,15.55873455
Indonesia,IDN,1984,16.28182801
Indonesia,IDN,1987,12.98461709
Indonesia,IDN,1990,13.47877253
Indonesia,IDN,1993,12.34299766
Indonesia,IDN,1996,13.57567034
Indonesia,IDN,1998,12.48175002
Indonesia,IDN,1999,11.49839689
Indonesia,IDN,2000,10.76433192
Indonesia,IDN,2001,10.64019875
Indonesia,IDN,2002,11.97318074
Indonesia,IDN,2003,12.80345575
Indonesia,IDN,2004,15.77513966
Indonesia,IDN,2005,14.61008043
Indonesia,IDN,2006,15.51738194
Indonesia,IDN,2007,16.29321973
Indonesia,IDN,2008,16.78735861
Indonesia,IDN,2009,15.70595517
Indonesia,IDN,2010,18.63810798
Indonesia,IDN,2011,19.02284019
Indonesia,IDN,2012,18.2106648
Indonesia,IDN,2013,17.61590592
Indonesia,IDN,2014,18.53449152
Indonesia,IDN,2015,19.30744191
Indonesia,IDN,2016,21.62882325
Indonesia,IDN,2017,20.87929585
Indonesia,IDN,2018,20.28543949
Indonesia,IDN,2019,19.6104859
Indonesia,IDN,2020,19.73192864
Indonesia,IDN,2021,19.36020167
Indonesia - rural,,1984,14.22834717
Indonesia - rural,,1987,10.7012207
Indonesia - rural,,1990,13.55709473
Indonesia - rural,,1993,9.342124732
Indonesia - rural,,1996,10.23574025
Indonesia - rural,,1998,9.523478798
Indonesia - rural,,1999,9.414834879
Indonesia - rural,,2000,8.591782235
Indonesia - rural,,2001,8.065729351
Indonesia - rural,,2002,8.291889358
Indonesia - rural,,2003,9.604007199
Indonesia - rural,,2004,11.99241837
Indonesia - rural,,2005,11.02909249
Indonesia - rural,,2006,12.32617512
Indonesia - rural,,2007,12.39805442
Indonesia - rural,,2008,12.79995265
Indonesia - rural,,2009,11.88906396
Indonesia - rural,,2010,14.66200763
Indonesia - rural,,2011,14.6921835
Indonesia - rural,,2012,13.87968558
Indonesia - rural,,2013,13.41670186
Indonesia - rural,,2014,14.2735768
Indonesia - rural,,2015,15.22562316
Indonesia - rural,,2016,16.63462831
Indonesia - rural,,2017,17.78638186
Indonesia - rural,,2018,18.07161073
Indonesia - rural,,2019,17.44956047
Indonesia - rural,,2020,17.22707906
Indonesia - rural,,2021,17.33767215
Indonesia - urban,,1984,17.65783691
Indonesia - urban,,1987,16.85233398
Indonesia - urban,,1990,17.96825384
Indonesia - urban,,1993,16.3196157
Indonesia - urban,,1996,18.09731543
Indonesia - urban,,1998,15.34424635
Indonesia - urban,,1999,14.8583875
Indonesia - urban,,2000,13.47696596
Indonesia - urban,,2001,13.52691572
Indonesia - urban,,2002,13.04282903
Indonesia - urban,,2003,16.31005392
Indonesia - urban,,2004,15.69738935
Indonesia - urban,,2005,15.03070603
Indonesia - urban,,2006,15.9314638
Indonesia - urban,,2007,18.42538564
Indonesia - urban,,2008,19.06934574
Indonesia - urban,,2009,18.223552
Indonesia - urban,,2010,20.26089308
Indonesia - urban,,2011,21.18645221
Indonesia - urban,,2012,21.17899102
Indonesia - urban,,2013,22.27778429
Indonesia - urban,,2014,23.15359204
Indonesia - urban,,2015,23.32105771
Indonesia - urban,,2016,26.08905843
Indonesia - urban,,2017,23.78279085
Indonesia - urban,,2018,22.24969024
Indonesia - urban,,2019,21.82919157
Indonesia - urban,,2020,21.87467296
Indonesia - urban,,2021,20.97947959
Iran,IRN,1986,27.05537109
Iran,IRN,1990,25.46877441
Iran,IRN,1994,24.85854492
Iran,IRN,1998,26.07092564
Iran,IRN,2005,24.48733956
Iran,IRN,2006,25.55298148
Iran,IRN,2009,24.98518473
Iran,IRN,2013,20.13890342
Iran,IRN,2014,21.14611987
Iran,IRN,2015,21.27955125
Iran,IRN,2016,21.75961051
Iran,IRN,2017,22.67426575
Iran,IRN,2018,21.79954936
Iran,IRN,2019,22.42031433
Iraq,IRQ,2006,12.7951004
Iraq,IRQ,2012,14.8736235
Ireland,IRL,1987,21.92231921
Ireland,IRL,1994,19.71388078
Ireland,IRL,1995,19.49730108
Ireland,IRL,1996,19.47077905
Ireland,IRL,2000,17.45420894
Ireland,IRL,2002,16.9950034
Ireland,IRL,2003,17.93876628
Ireland,IRL,2004,17.44100984
Ireland,IRL,2005,16.67126044
Ireland,IRL,2006,16.57290243
Ireland,IRL,2007,15.66634613
Ireland,IRL,2008,15.53208763
Ireland,IRL,2009,17.7442313
Ireland,IRL,2010,17.89808996
Ireland,IRL,2011,17.99013488
Ireland,IRL,2012,19.00209472
Ireland,IRL,2013,19.04198966
Ireland,IRL,2014,16.77917411
Ireland,IRL,2015,16.39310552
Ireland,IRL,2016,15.407035
Ireland,IRL,2017,14.83395312
Ireland,IRL,2018,13.65255126
Israel,ISR,1979,23.19752015
Israel,ISR,1986,23.22706768
Israel,ISR,1992,21.98029958
Israel,ISR,1997,25.22420678
Israel,ISR,2001,25.74410211
Israel,ISR,2002,26.99886897
Israel,ISR,2003,27.74779882
Israel,ISR,2004,28.74419409
Israel,ISR,2005,28.22779145
Israel,ISR,2006,28.49962502
Israel,ISR,2007,28.21945122
Israel,ISR,2008,27.99004383
Israel,ISR,2009,29.49733958
Israel,ISR,2010,28.74945379
Israel,ISR,2011,28.74312593
Israel,ISR,2012,28.23957571
Israel,ISR,2013,26.7426166
Israel,ISR,2014,27.48034926
Israel,ISR,2015,26.24610004
Israel,ISR,2016,27.24078624
Israel,ISR,2017,25.99359456
Israel,ISR,2018,26.49573614
Italy,ITA,1986,19.44116344
Italy,ITA,1987,20.48385526
Italy,ITA,1989,18.72509891
Italy,ITA,1991,18.74141148
Italy,ITA,1993,23.49830774
Italy,ITA,1995,22.24287143
Italy,ITA,1998,22.22030014
Italy,ITA,2000,21.49276425
Italy,ITA,2003,20.29652849
Italy,ITA,2004,19.98115212
Italy,ITA,2005,20.63614141
Italy,ITA,2006,20.36045005
Italy,ITA,2007,19.91103949
Italy,ITA,2008,20.53014791
Italy,ITA,2009,20.23682535
Italy,ITA,2010,20.45792309
Italy,ITA,2011,21.03431372
Italy,ITA,2012,21.23340789
Italy,ITA,2013,21.37606253
Italy,ITA,2014,21.5936717
Italy,ITA,2015,22.75043181
Italy,ITA,2016,22.32907662
Italy,ITA,2017,22.62657989
Italy,ITA,2018,21.54270577
Jamaica,JAM,1988,24.54122559
Jamaica,JAM,1990,21.45132253
Jamaica,JAM,1993,21.46566895
Jamaica,JAM,1996,21.42679434
Jamaica,JAM,1999,23.14476448
Jamaica,JAM,2002,25.04271518
Jamaica,JAM,2004,22.28658911
Japan,JPN,2008,21.99574486
Japan,JPN,2010,15.48790642
Japan,JPN,2013,16.48884004
Jordan,JOR,1986,20.56590516
Jordan,JOR,1992,22.44203613
Jordan,JOR,1997,17.85311035
Jordan,JOR,2002,18.31489774
Jordan,JOR,2006,15.07586888
Jordan,JOR,2008,14.67613015
Jordan,JOR,2010,14.91502168
Kazakhstan,KAZ,1993,20.24492861
Kazakhstan,KAZ,1996,20.07814469
Kazakhstan,KAZ,2001,21.61950686
Kazakhstan,KAZ,2002,19.43594358
Kazakhstan,KAZ,2003,19.17153023
Kazakhstan,KAZ,2004,16.65134718
Kazakhstan,KAZ,2005,24.13314788
Kazakhstan,KAZ,2006,12.42752671
Kazakhstan,KAZ,2007,13.27887551
Kazakhstan,KAZ,2008,11.05274574
Kazakhstan,KAZ,2009,11.97906044
Kazakhstan,KAZ,2010,10.84090853
Kazakhstan,KAZ,2011,11.73120643
Kazakhstan,KAZ,2012,12.59739844
Kazakhstan,KAZ,2013,10.6705755
Kazakhstan,KAZ,2014,10.53113403
Kazakhstan,KAZ,2015,10.04772683
Kazakhstan,KAZ,2016,10.84177024
Kazakhstan,KAZ,2017,10.27604919
Kazakhstan,KAZ,2018,9.38345618
Kenya,KEN,1992,28.17819336
Kenya,KEN,1994,23.95937849
Kenya,KEN,1997,23.5271939
Kenya,KEN,2005,23.91489331
Kenya,KEN,2015,21.83727715
Kiribati,KIR,2006,20.7680659
Kiribati,KIR,2019,12.19752461
Kosovo,OWID_KOS,2003,13.8137744
Kosovo,OWID_KOS,2005,16.24693118
Kosovo,OWID_KOS,2006,15.10995883
Kosovo,OWID_KOS,2009,17.53391901
Kosovo,OWID_KOS,2010,17.52103389
Kosovo,OWID_KOS,2011,13.4999009
Kosovo,OWID_KOS,2012,14.69572445
Kosovo,OWID_KOS,2013,11.35841316
Kosovo,OWID_KOS,2014,14.37841816
Kosovo,OWID_KOS,2015,11.87618195
Kosovo,OWID_KOS,2016,12.4759565
Kosovo,OWID_KOS,2017,12.28614618
Kyrgyzstan,KGZ,1998,27.91173089
Kyrgyzstan,KGZ,2000,14.00039066
Kyrgyzstan,KGZ,2001,13.77794541
Kyrgyzstan,KGZ,2002,14.19397772
Kyrgyzstan,KGZ,2003,12.02179548
Kyrgyzstan,KGZ,2004,16.89105256
Kyrgyzstan,KGZ,2005,14.63960683
Kyrgyzstan,KGZ,2006,18.22441842
Kyrgyzstan,KGZ,2007,17.97772827
Kyrgyzstan,KGZ,2008,15.94234808
Kyrgyzstan,KGZ,2009,12.51213918
Kyrgyzstan,KGZ,2010,13.72995862
Kyrgyzstan,KGZ,2011,11.69401887
Kyrgyzstan,KGZ,2012,10.96411987
Kyrgyzstan,KGZ,2013,12.29643224
Kyrgyzstan,KGZ,2014,9.614074643
Kyrgyzstan,KGZ,2015,10.66876304
Kyrgyzstan,KGZ,2016,9.335272625
Kyrgyzstan,KGZ,2017,9.74159567
Kyrgyzstan,KGZ,2018,9.67664573
Kyrgyzstan,KGZ,2019,9.723364102
Kyrgyzstan,KGZ,2020,12.28807693
Laos,LAO,1992,13.77169114
Laos,LAO,1997,14.35815819
Laos,LAO,2002,13.64188573
Laos,LAO,2007,14.40244645
Laos,LAO,2012,16.92670739
Laos,LAO,2018,18.43304553
Latvia,LVA,1993,13.81605023
Latvia,LVA,1995,17.19723284
Latvia,LVA,1996,17.45182759
Latvia,LVA,1997,19.08912636
Latvia,LVA,1998,18.3203962
Latvia,LVA,2002,19.21175375
Latvia,LVA,2003,17.93698628
Latvia,LVA,2004,19.91442704
Latvia,LVA,2005,19.25847391
Latvia,LVA,2006,17.14609819
Latvia,LVA,2007,19.68337388
Latvia,LVA,2008,21.57067569
Latvia,LVA,2009,20.36381145
Latvia,LVA,2010,22.44950909
Latvia,LVA,2011,20.52105951
Latvia,LVA,2012,20.13817261
Latvia,LVA,2013,18.45372026
Latvia,LVA,2014,18.22747912
Latvia,LVA,2015,17.1276821
Latvia,LVA,2016,18.82819548
Latvia,LVA,2017,19.04222211
Latvia,LVA,2018,18.74695236
Latvia,LVA,2019,17.77847761
Lebanon,LBN,2011,18.01100101
Lesotho,LSO,1986,31.59332
Lesotho,LSO,1994,36.14653465
Lesotho,LSO,2002,31.37733177
Lesotho,LSO,2017,27.8674548
Liberia,LBR,2007,20.08254395
Liberia,LBR,2014,18.65890012
Liberia,LBR,2016,20.1191417
Lithuania,LTU,1993,16.76632453
Lithuania,LTU,1996,18.57651915
Lithuania,LTU,1998,17.75498055
Lithuania,LTU,1999,17.43834184
Lithuania,LTU,2000,18.32677243
Lithuania,LTU,2001,17.92314402
Lithuania,LTU,2002,18.29402636
Lithuania,LTU,2003,19.43464819
Lithuania,LTU,2004,19.47985448
Lithuania,LTU,2005,19.85463982
Lithuania,LTU,2006,17.00191522
Lithuania,LTU,2007,18.02994619
Lithuania,LTU,2008,20.37158623
Lithuania,LTU,2009,21.97962032
Lithuania,LTU,2010,22.631489
Lithuania,LTU,2011,19.66443603
Lithuania,LTU,2012,20.37847194
Lithuania,LTU,2013,19.57832717
Lithuania,LTU,2014,20.79119235
Lithuania,LTU,2015,19.41671053
Lithuania,LTU,2016,21.78696246
Lithuania,LTU,2017,19.44578537
Lithuania,LTU,2018,18.67736973
Lithuania,LTU,2019,18.75768379
Luxembourg,LUX,1985,12.90656014
Luxembourg,LUX,1991,13.47282464
Luxembourg,LUX,1994,14.67353805
Luxembourg,LUX,1997,15.94642391
Luxembourg,LUX,2000,15.7346244
Luxembourg,LUX,2003,15.67914897
Luxembourg,LUX,2004,16.71457908
Luxembourg,LUX,2005,16.59870506
Luxembourg,LUX,2006,16.76031371
Luxembourg,LUX,2007,16.60617651
Luxembourg,LUX,2008,17.72984273
Luxembourg,LUX,2009,19.54044632
Luxembourg,LUX,2010,18.39945846
Luxembourg,LUX,2011,19.78681796
Luxembourg,LUX,2012,20.65255374
Luxembourg,LUX,2013,19.69897399
Luxembourg,LUX,2014,17.78567346
Luxembourg,LUX,2015,18.55798346
Luxembourg,LUX,2016,18.43816582
Luxembourg,LUX,2017,21.17916984
Luxembourg,LUX,2018,21.2395945
Luxembourg,LUX,2019,20.71574214
Madagascar,MDG,1980,26.01255198
Madagascar,MDG,1993,21.80736842
Madagascar,MDG,1997,23.07301437
Madagascar,MDG,1999,22.95181198
Madagascar,MDG,2001,25.03047296
Madagascar,MDG,2005,17.87376436
Madagascar,MDG,2010,19.7294774
Madagascar,MDG,2012,21.44724125
Malawi,MWI,1997,17.78559712
Malawi,MWI,2004,18.41261636
Malawi,MWI,2010,22.32112762
Malawi,MWI,2016,17.78588264
Malawi,MWI,2019,18.61761295
Malaysia,MYS,1984,26.73805176
Malaysia,MYS,1987,26.29868652
Malaysia,MYS,1989,25.54200195
Malaysia,MYS,1992,27.21556024
Malaysia,MYS,1995,27.51753613
Malaysia,MYS,1997,27.77168313
Malaysia,MYS,2003,26.67073886
Malaysia,MYS,2006,26.15655388
Malaysia,MYS,2008,27.02585829
Malaysia,MYS,2011,25.77610572
Malaysia,MYS,2013,23.17345682
Malaysia,MYS,2015,23.72394051
Maldives,MDV,2002,16.87354392
Maldives,MDV,2009,22.67592314
Maldives,MDV,2016,16.05012679
Maldives,MDV,2019,14.83947411
Mali,MLI,1994,24.37084654
Mali,MLI,2001,21.775911
Mali,MLI,2006,19.28155101
Mali,MLI,2009,16.59443895
Mali,MLI,2018,17.53766155
Malta,MLT,2006,16.27832019
Malta,MLT,2007,17.32997172
Malta,MLT,2008,17.40933725
Malta,MLT,2009,16.98769356
Malta,MLT,2010,16.76041361
Malta,MLT,2011,16.82450727
Malta,MLT,2012,16.76120706
Malta,MLT,2013,15.36181072
Malta,MLT,2014,16.2532258
Malta,MLT,2015,16.00492286
Malta,MLT,2016,15.45511403
Malta,MLT,2017,16.3778715
Malta,MLT,2018,16.52749839
Malta,MLT,2019,14.92256662
Marshall Islands,MHL,2019,18.28102805
Mauritania,MRT,1987,27.9017314
Mauritania,MRT,1993,21.73416992
Mauritania,MRT,1995,21.36573345
Mauritania,MRT,2000,23.42238519
Mauritania,MRT,2004,19.4659231
Mauritania,MRT,2008,22.63631681
Mauritania,MRT,2014,19.28288884
Mauritius,MUS,2006,16.59350455
Mauritius,MUS,2012,18.42749175
Mauritius,MUS,2017,17.96691328
Mexico,MEX,1984,26.52419343
Mexico,MEX,1989,25.69001017
Mexico,MEX,1992,26.97930732
Mexico,MEX,1994,26.94086012
Mexico,MEX,1996,28.57020601
Mexico,MEX,1998,28.0051413
Mexico,MEX,2000,27.38566204
Mexico,MEX,2002,26.17580814
Mexico,MEX,2004,24.79595955
Mexico,MEX,2005,26.46242207
Mexico,MEX,2006,25.62228258
Mexico,MEX,2008,26.6992474
Mexico,MEX,2010,24.36088815
Mexico,MEX,2012,24.85873277
Mexico,MEX,2014,23.07688592
Mexico,MEX,2016,24.27296984
Mexico,MEX,2018,23.5339566
Mexico,MEX,2020,24.12431016
Micronesia (country),FSM,2005,24.9753451
Micronesia (country),FSM,2013,22.62818936
Micronesia (country) - urban,,2000,35.54821817
Moldova,MDA,1997,20.54275981
Moldova,MDA,1998,22.82792963
Moldova,MDA,1999,20.87750237
Moldova,MDA,2000,19.82765066
Moldova,MDA,2001,20.13576578
Moldova,MDA,2002,20.72346066
Moldova,MDA,2003,17.33592377
Moldova,MDA,2004,19.38326483
Moldova,MDA,2005,19.77113203
Moldova,MDA,2006,19.89926455
Moldova,MDA,2007,19.50710686
Moldova,MDA,2008,18.4437712
Moldova,MDA,2009,18.61747496
Moldova,MDA,2010,16.14186804
Moldova,MDA,2011,15.30047295
Moldova,MDA,2012,14.07043277
Moldova,MDA,2013,13.880486
Moldova,MDA,2014,12.01881321
Moldova,MDA,2015,11.43936172
Moldova,MDA,2016,10.25536651
Moldova,MDA,2017,10.94403846
Moldova,MDA,2018,9.755124642
Moldova,MDA,2019,10.42036636
Mongolia,MNG,1995,21.02368585
Mongolia,MNG,1998,19.47700943
Mongolia,MNG,2002,19.88381585
Mongolia,MNG,2007,19.90154629
Mongolia,MNG,2010,18.2536769
Mongolia,MNG,2011,17.55751874
Mongolia,MNG,2012,18.70990133
Mongolia,MNG,2014,16.62227043
Mongolia,MNG,2016,17.45401446
Mongolia,MNG,2018,17.16441087
Montenegro,MNE,2005,15.92505538
Montenegro,MNE,2006,17.41875298
Montenegro,MNE,2007,16.97787094
Montenegro,MNE,2008,16.42573584
Montenegro,MNE,2009,15.90923109
Montenegro,MNE,2010,17.0054207
Montenegro,MNE,2011,16.84596859
Montenegro,MNE,2012,18.36037754
Montenegro,MNE,2013,18.51420606
Montenegro,MNE,2014,15.12328989
Montenegro,MNE,2015,26.51201494
Montenegro,MNE,2016,24.76830378
Montenegro,MNE,2017,24.20942073
Montenegro,MNE,2018,25.77301801
Morocco,MAR,1984,20.82600355
Morocco,MAR,1990,22.07036899
Morocco,MAR,1998,20.8320216
Morocco,MAR,2000,20.36474016
Morocco,MAR,2006,19.40336046
Morocco,MAR,2013,18.65442264
Mozambique,MOZ,1996,24.67190183
Mozambique,MOZ,2002,21.48847507
Mozambique,MOZ,2008,23.42348188
Mozambique,MOZ,2014,24.19989817
Myanmar,MMR,2015,15.61643256
Myanmar,MMR,2017,13.92015891
Namibia,NAM,1993,34.25278362
Namibia,NAM,2003,25.4130411
Namibia,NAM,2009,26.35438463
Namibia,NAM,2015,30.5286052
Nauru,NRU,2012,18.21962173
Nepal,NPL,1984,14.17607408
Nepal,NPL,1995,15.85272469
Nepal,NPL,2003,18.01935503
Nepal,NPL,2010,14.96336893
Netherlands,NLD,1983,10.4949031
Netherlands,NLD,1987,10.97159099
Netherlands,NLD,1990,13.4944472
Netherlands,NLD,1993,14.45680662
Netherlands,NLD,1999,12.49910447
Netherlands,NLD,2004,14.62355353
Netherlands,NLD,2005,14.00428213
Netherlands,NLD,2006,13.67280112
Netherlands,NLD,2007,13.38532332
Netherlands,NLD,2008,14.01013772
Netherlands,NLD,2009,14.46983583
Netherlands,NLD,2010,14.32162054
Netherlands,NLD,2011,13.75812438
Netherlands,NLD,2012,13.07935581
Netherlands,NLD,2013,13.86315937
Netherlands,NLD,2014,13.60360195
Netherlands,NLD,2015,13.74873063
Netherlands,NLD,2016,14.07584858
Netherlands,NLD,2017,13.63210801
Netherlands,NLD,2018,13.89248431
Netherlands,NLD,2019,14.70844083
Nicaragua,NIC,1993,26.59515143
Nicaragua,NIC,1998,24.07577712
Nicaragua,NIC,2001,22.87165352
Nicaragua,NIC,2005,22.03872498
Nicaragua,NIC,2009,23.73047794
Nicaragua,NIC,2014,25.26660849
Niger,NER,1992,17.3161084
Niger,NER,1994,22.74109665
Niger,NER,2005,21.70470679
Niger,NER,2007,14.05816507
Niger,NER,2011,11.61679441
Niger,NER,2014,16.69667213
Niger,NER,2018,15.80742775
Nigeria,NGA,1985,25.01322315
Nigeria,NGA,1992,28.64480748
Nigeria,NGA,1996,28.21450484
Nigeria,NGA,2003,24.81712281
Nigeria,NGA,2010,20.62095609
Nigeria,NGA,2012,20.63635753
Nigeria,NGA,2015,20.95565547
Nigeria,NGA,2018,21.02186194
North Macedonia,MKD,1998,16.93169573
North Macedonia,MKD,2000,22.4698919
North Macedonia,MKD,2002,23.58361787
North Macedonia,MKD,2003,23.4000338
North Macedonia,MKD,2004,24.03295953
North Macedonia,MKD,2005,24.14948916
North Macedonia,MKD,2006,22.11552006
North Macedonia,MKD,2008,24.10024303
North Macedonia,MKD,2009,27.64472342
North Macedonia,MKD,2010,26.96412204
North Macedonia,MKD,2011,26.03268208
North Macedonia,MKD,2012,25.35544028
North Macedonia,MKD,2013,24.25826614
North Macedonia,MKD,2014,23.42283632
North Macedonia,MKD,2015,24.71950082
North Macedonia,MKD,2016,24.94922756
North Macedonia,MKD,2017,24.71695081
North Macedonia,MKD,2018,24.32253245
Norway,NOR,1979,10.72239217
Norway,NOR,1986,10.23859833
Norway,NOR,1991,10.24939872
Norway,NOR,1995,10.74628401
Norway,NOR,2000,9.741043972
Norway,NOR,2003,11.11819048
Norway,NOR,2004,11.27466322
Norway,NOR,2005,10.79892492
Norway,NOR,2006,12.95246514
Norway,NOR,2007,10.87449789
Norway,NOR,2008,12.33766824
Norway,NOR,2009,12.0058517
Norway,NOR,2010,12.30432522
Norway,NOR,2011,13.23356441
Norway,NOR,2012,13.00914627
Norway,NOR,2013,12.38403381
Norway,NOR,2014,13.14685674
Norway,NOR,2015,13.17510263
Norway,NOR,2016,14.10921253
Norway,NOR,2017,13.60975939
Norway,NOR,2018,13.29745872
Norway,NOR,2019,13.6049258
Pakistan,PAK,1987,14.00671555
Pakistan,PAK,1990,16.88918741
Pakistan,PAK,1996,8.67166808
Pakistan,PAK,1998,11.91663122
Pakistan,PAK,2001,9.35909819
Pakistan,PAK,2004,10.77154091
Pakistan,PAK,2005,9.976485646
Pakistan,PAK,2007,9.010550651
Pakistan,PAK,2010,8.915940384
Pakistan,PAK,2011,9.516421478
Pakistan,PAK,2013,10.61797325
Pakistan,PAK,2015,10.0198245
Pakistan,PAK,2018,9.594896972
Palestine,PSE,2004,18.000864
Palestine,PSE,2005,18.96570411
Palestine,PSE,2006,17.11236247
Palestine,PSE,2007,20.37667674
Palestine,PSE,2009,17.03828383
Palestine,PSE,2010,17.59458716
Palestine,PSE,2011,17.3355866
Palestine,PSE,2016,20.5776182
Panama,PAN,1979,29.86569546
Panama,PAN,1989,34.74496577
Panama,PAN,1991,33.31907
Panama,PAN,1995,33.5606616
Panama,PAN,1997,31.92626032
Panama,PAN,1998,31.71155647
Panama,PAN,1999,30.93792259
Panama,PAN,2000,31.67673688
Panama,PAN,2001,32.60427986
Panama,PAN,2002,31.7144283
Panama,PAN,2003,31.17459025
Panama,PAN,2004,31.44484347
Panama,PAN,2005,30.89984362
Panama,PAN,2006,30.93402076
Panama,PAN,2007,30.74143937
Panama,PAN,2008,29.50078564
Panama,PAN,2009,28.75359032
Panama,PAN,2010,28.44788014
Panama,PAN,2011,28.66804436
Panama,PAN,2012,28.70512736
Panama,PAN,2013,29.12168802
Panama,PAN,2014,28.95424562
Panama,PAN,2015,28.49392793
Panama,PAN,2016,28.77631167
Panama,PAN,2017,29.25038041
Panama,PAN,2018,28.40965835
Panama,PAN,2019,28.79411657
Papua New Guinea,PNG,1996,25.70771904
Papua New Guinea,PNG,2009,25.82874398
Paraguay,PRY,1990,22.92445774
Paraguay,PRY,1995,32.22538532
Paraguay,PRY,1997,32.93044081
Paraguay,PRY,1999,29.92250737
Paraguay,PRY,2001,30.33719554
Paraguay,PRY,2002,30.11235963
Paraguay,PRY,2003,28.05386612
Paraguay,PRY,2004,26.02415323
Paraguay,PRY,2005,27.09024271
Paraguay,PRY,2006,27.67518591
Paraguay,PRY,2007,27.14068129
Paraguay,PRY,2008,26.43099226
Paraguay,PRY,2009,27.67096597
Paraguay,PRY,2010,27.45492177
Paraguay,PRY,2011,28.83089444
Paraguay,PRY,2012,27.58318277
Paraguay,PRY,2013,26.28666345
Paraguay,PRY,2014,26.55474539
Paraguay,PRY,2015,25.92663478
Paraguay,PRY,2016,25.98926561
Paraguay,PRY,2017,24.43083823
Paraguay,PRY,2018,25.25597913
Paraguay,PRY,2019,25.30914451
Paraguay,PRY,2020,25.0017761
Peru,PER,1985,24.69590447
Peru,PER,1994,26.80161782
Peru,PER,1997,31.00503304
Peru,PER,1998,29.62259525
Peru,PER,1999,29.52866105
Peru,PER,2000,29.36140289
Peru,PER,2001,29.67348371
Peru,PER,2002,30.14833663
Peru,PER,2003,29.09358349
Peru,PER,2004,29.65456161
Peru,PER,2005,30.02805709
Peru,PER,2006,29.90329789
Peru,PER,2007,29.74309446
Peru,PER,2008,29.17296272
Peru,PER,2009,28.34286732
Peru,PER,2010,27.34660175
Peru,PER,2011,27.81993502
Peru,PER,2012,27.41926928
Peru,PER,2013,27.0473599
Peru,PER,2014,26.56048419
Peru,PER,2015,25.66854248
Peru,PER,2016,26.61244401
Peru,PER,2017,26.43319519
Peru,PER,2018,25.54190581
Peru,PER,2019,25.10921577
Peru,PER,2020,26.15070734
Philippines,PHL,1985,22.09415533
Philippines,PHL,1988,20.46602814
Philippines,PHL,1991,23.76414996
Philippines,PHL,1994,23.87848607
Philippines,PHL,1997,24.1377987
Philippines,PHL,2000,20.51774929
Philippines,PHL,2003,21.3142006
Philippines,PHL,2006,22.54074933
Philippines,PHL,2009,21.26235071
Philippines,PHL,2012,21.72163685
Philippines,PHL,2015,20.94416397
Philippines,PHL,2018,19.39325208
Poland,POL,1985,12.23899902
Poland,POL,1986,16.99657905
Poland,POL,1987,12.91025146
Poland,POL,1989,14.61889404
Poland,POL,1992,15.74046251
Poland,POL,1993,16.09564941
Poland,POL,1995,20.74628879
Poland,POL,1996,16.21769531
Poland,POL,1998,16.46426397
Poland,POL,1999,17.26258223
Poland,POL,2000,17.69747788
Poland,POL,2001,17.74796114
Poland,POL,2002,18.2735961
Poland,POL,2003,19.56942084
Poland,POL,2004,20.2433051
Poland,POL,2005,18.65210037
Poland,POL,2006,18.39384757
Poland,POL,2007,17.92823973
Poland,POL,2008,17.85949789
Poland,POL,2009,17.50448736
Poland,POL,2010,17.39161272
Poland,POL,2011,17.98940182
Poland,POL,2012,17.23558496
Poland,POL,2013,17.52355771
Poland,POL,2014,18.11231663
Poland,POL,2015,17.20427079
Poland,POL,2016,15.94779706
Poland,POL,2017,15.65298664
Poland,POL,2018,15.43578364
Poland,POL,2019,14.73585474
Portugal,PRT,2003,19.35893825
Portugal,PRT,2004,18.4159696
Portugal,PRT,2005,16.66737289
Portugal,PRT,2006,17.32418006
Portugal,PRT,2007,19.09266944
Portugal,PRT,2008,18.76248023
Portugal,PRT,2009,18.3377926
Portugal,PRT,2010,17.91434781
Portugal,PRT,2011,17.6961483
Portugal,PRT,2012,18.44331551
Portugal,PRT,2013,20.12648467
Portugal,PRT,2014,19.2069003
Portugal,PRT,2015,19.41784363
Portugal,PRT,2016,17.49896855
Portugal,PRT,2017,17.10524947
Portugal,PRT,2018,16.97441603
Portugal,PRT,2019,16.21080192
Romania,ROU,1989,12.49529541
Romania,ROU,1992,14.99723633
Romania,ROU,1994,15.14369141
Romania,ROU,1995,17.9999189
Romania,ROU,1997,16.74685135
Romania,ROU,1998,18.14757736
Romania,ROU,1999,16.22021956
Romania,ROU,2000,16.10501999
Romania,ROU,2001,16.63952911
Romania,ROU,2002,17.41093235
Romania,ROU,2003,16.65267302
Romania,ROU,2004,17.3365864
Romania,ROU,2005,16.73229578
Romania,ROU,2006,17.15733221
Romania,ROU,2007,17.14197385
Romania,ROU,2008,16.8683811
Romania,ROU,2009,15.9914802
Romania,ROU,2010,16.47538899
Romania,ROU,2011,15.58522912
Romania,ROU,2012,15.6613564
Romania,ROU,2013,15.84959062
Romania,ROU,2014,26.29175408
Romania,ROU,2015,25.43813772
Romania,ROU,2016,17.40846595
Romania,ROU,2017,25.83698353
Romania,ROU,2018,16.63810623
Romania,ROU,2019,25.14747636
Russia,RUS,1993,26.85975579
Russia,RUS,1996,26.86654354
Russia,RUS,1997,22.25682213
Russia,RUS,1998,22.75606417
Russia,RUS,1999,22.80927355
Russia,RUS,2000,22.32190122
Russia,RUS,2001,21.35082729
Russia,RUS,2002,20.92519096
Russia,RUS,2003,22.41151607
Russia,RUS,2004,22.86072706
Russia,RUS,2005,22.50359349
Russia,RUS,2006,22.77806389
Russia,RUS,2007,22.49944063
Russia,RUS,2008,21.56426229
Russia,RUS,2009,20.89487915
Russia,RUS,2010,21.01759198
Russia,RUS,2011,20.45739857
Russia,RUS,2012,20.5752344
Russia,RUS,2013,20.45723728
Russia,RUS,2014,19.72334314
Russia,RUS,2015,18.73115924
Russia,RUS,2016,19.4604125
Russia,RUS,2017,18.57142151
Russia,RUS,2018,18.48458449
Russia,RUS,2019,18.63499159
Russia,RUS,2020,17.33589206
Rwanda,RWA,2000,21.18388706
Rwanda,RWA,2005,22.44311168
Rwanda,RWA,2010,20.53070678
Rwanda,RWA,2013,19.65619731
Rwanda,RWA,2016,19.82041351
Rwanda - rural,,1984,11.01854004
Saint Lucia,LCA,1995,25.50441865
Saint Lucia,LCA,2016,29.23049997
Samoa,WSM,2002,19.37578181
Samoa,WSM,2008,21.5559714
Samoa,WSM,2013,18.43185221
Sao Tome and Principe,STP,2000,18.52809278
Sao Tome and Principe,STP,2010,16.0633862
Sao Tome and Principe,STP,2017,20.9375599
Senegal,SEN,1991,29.82609375
Senegal,SEN,1994,20.06214111
Senegal,SEN,2001,19.47891888
Senegal,SEN,2005,22.14507432
Senegal,SEN,2011,22.24409995
Senegal,SEN,2018,19.11871017
Serbia,SRB,2002,16.60341287
Serbia,SRB,2003,17.66585328
Serbia,SRB,2004,18.67918001
Serbia,SRB,2005,20.16921853
Serbia,SRB,2006,15.0818845
Serbia,SRB,2007,14.35199492
Serbia,SRB,2008,12.74823141
Serbia,SRB,2009,14.16398027
Serbia,SRB,2010,15.4731676
Serbia,SRB,2012,25.42705721
Serbia,SRB,2013,15.42495395
Serbia,SRB,2014,26.11915391
Serbia,SRB,2015,13.82612882
Serbia,SRB,2016,25.29692108
Serbia,SRB,2017,24.09403525
Serbia,SRB,2018,15.74666051
Serbia,SRB,2019,15.46673976
Seychelles,SYC,1999,23.02092812
Seychelles,SYC,2006,24.04378118
Seychelles,SYC,2013,19.02242323
Seychelles,SYC,2018,21.41573472
Sierra Leone,SLE,1989,41.442051
Sierra Leone,SLE,2003,18.93469249
Sierra Leone,SLE,2011,15.79272187
Sierra Leone,SLE,2018,15.09872532
Slovakia,SVK,1992,7.494655716
Slovakia,SVK,1996,14.49872253
Slovakia,SVK,2004,12.88545848
Slovakia,SVK,2005,14.36033809
Slovakia,SVK,2006,11.62971132
Slovakia,SVK,2007,11.13909861
Slovakia,SVK,2008,10.94351886
Slovakia,SVK,2009,10.45199923
Slovakia,SVK,2010,15.06603979
Slovakia,SVK,2011,15.42016611
Slovakia,SVK,2012,15.83929579
Slovakia,SVK,2013,16.34566992
Slovakia,SVK,2014,15.90904592
Slovakia,SVK,2015,15.81186683
Slovakia,SVK,2016,14.50617403
Slovakia,SVK,2017,13.94758222
Slovakia,SVK,2018,14.83837284
Slovakia,SVK,2019,13.09040581
Slovenia,SVN,1987,10.40831055
Slovenia,SVN,1993,12.43427246
Slovenia,SVN,1997,11.243082
Slovenia,SVN,1998,15.07046387
Slovenia,SVN,1999,11.24363282
Slovenia,SVN,2002,15.22130963
Slovenia,SVN,2003,17.81421552
Slovenia,SVN,2004,11.55795541
Slovenia,SVN,2005,11.4533732
Slovenia,SVN,2006,11.55953202
Slovenia,SVN,2007,11.24590933
Slovenia,SVN,2008,10.52755333
Slovenia,SVN,2009,11.42858772
Slovenia,SVN,2010,11.97413741
Slovenia,SVN,2011,12.49600023
Slovenia,SVN,2012,12.86968861
Slovenia,SVN,2013,13.77499941
Slovenia,SVN,2014,13.16988122
Slovenia,SVN,2015,13.00629233
Slovenia,SVN,2016,12.9097839
Slovenia,SVN,2017,11.8033928
Slovenia,SVN,2018,10.61562791
Slovenia,SVN,2019,10.97297456
Solomon Islands,SLB,2005,24.53563305
Solomon Islands,SLB,2012,19.30647497
Somalia,SOM,2017,20.43748758
South Africa,ZAF,1993,32.00790646
South Africa,ZAF,2000,31.87027462
South Africa,ZAF,2005,27.83577884
South Africa,ZAF,2008,29.11988127
South Africa,ZAF,2010,30.26510185
South Africa,ZAF,2014,30.17693248
South Korea,KOR,2006,19.23298605
South Korea,KOR,2008,18.98261149
South Korea,KOR,2010,18.48631685
South Korea,KOR,2012,18.99736404
South Korea,KOR,2014,18.4990314
South Korea,KOR,2016,18.74697925
South Sudan,SSD,2009,29.16331714
South Sudan,SSD,2016,25.13377728
Spain,ESP,1980,19.74854763
Spain,ESP,1985,18.73364326
Spain,ESP,1990,17.49472627
Spain,ESP,1995,20.48204643
Spain,ESP,2000,19.47889664
Spain,ESP,2003,19.9552211
Spain,ESP,2004,20.29986012
Spain,ESP,2005,19.74029884
Spain,ESP,2006,20.27367316
Spain,ESP,2007,20.6390647
Spain,ESP,2008,21.35274824
Spain,ESP,2009,21.20499658
Spain,ESP,2010,21.93591555
Spain,ESP,2011,23.10517039
Spain,ESP,2012,22.82785155
Spain,ESP,2013,24.28251993
Spain,ESP,2014,23.5201877
Spain,ESP,2015,23.59794907
Spain,ESP,2016,23.31050961
Spain,ESP,2017,22.86749615
Spain,ESP,2018,22.11929333
Spain,ESP,2019,22.03809904
Sri Lanka,LKA,1985,16.65706055
Sri Lanka,LKA,1990,12.40480622
Sri Lanka,LKA,1995,14.30428026
Sri Lanka,LKA,2002,17.3719522
Sri Lanka,LKA,2006,17.41456455
Sri Lanka,LKA,2009,15.48606487
Sri Lanka,LKA,2012,16.52624836
Sri Lanka,LKA,2016,17.46454407
Sudan,SDN,2009,20.92057746
Sudan,SDN,2014,16.28160697
Suriname - urban,,1999,34.23848878
Sweden,SWE,1967,18.98952863
Sweden,SWE,1975,10.99456523
Sweden,SWE,1981,11.73373434
Sweden,SWE,1987,9.7391819
Sweden,SWE,1992,11.49916032
Sweden,SWE,1995,12.98443014
Sweden,SWE,2000,12.49960829
Sweden,SWE,2003,12.88315969
Sweden,SWE,2004,12.16682783
Sweden,SWE,2005,14.09618646
Sweden,SWE,2006,12.9269223
Sweden,SWE,2007,13.85494626
Sweden,SWE,2008,14.0709354
Sweden,SWE,2009,14.38029157
Sweden,SWE,2010,14.17247674
Sweden,SWE,2011,13.99601744
Sweden,SWE,2012,14.10522228
Sweden,SWE,2013,15.61831188
Sweden,SWE,2014,14.52490533
Sweden,SWE,2015,14.92616364
Sweden,SWE,2016,15.51854642
Sweden,SWE,2017,14.76274942
Sweden,SWE,2018,15.68241104
Sweden,SWE,2019,15.42698279
Switzerland,CHE,1982,17.72973827
Switzerland,CHE,1992,17.49451681
Switzerland,CHE,2000,16.20200139
Switzerland,CHE,2002,17.7452011
Switzerland,CHE,2006,19.62210785
Switzerland,CHE,2007,18.58812986
Switzerland,CHE,2008,18.62503497
Switzerland,CHE,2009,17.72843371
Switzerland,CHE,2010,17.72113431
Switzerland,CHE,2011,18.09093384
Switzerland,CHE,2012,16.97415583
Switzerland,CHE,2013,18.38383279
Switzerland,CHE,2014,17.51112411
Switzerland,CHE,2015,17.92925971
Switzerland,CHE,2016,17.93519987
Switzerland,CHE,2017,17.87213379
Switzerland,CHE,2018,19.08466242
Syria,SYR,1996,16.28358591
Syria,SYR,2003,18.0056089
Taiwan,TWN,1981,14.49765978
Taiwan,TWN,1986,13.49968358
Taiwan,TWN,1991,14.24461661
Taiwan,TWN,1995,16.24892743
Taiwan,TWN,1997,15.74524079
Taiwan,TWN,2000,15.49812105
Taiwan,TWN,2005,16.24759146
Taiwan,TWN,2007,15.99906282
Taiwan,TWN,2010,17.99759076
Taiwan,TWN,2013,16.49949786
Taiwan,TWN,2016,15.74479342
Tajikistan,TJK,1999,15.97123327
Tajikistan,TJK,2003,17.67778534
Tajikistan,TJK,2004,18.32290349
Tajikistan,TJK,2007,16.69793935
Tajikistan,TJK,2009,15.99001749
Tajikistan,TJK,2015,19.02532871
Tanzania,TZA,1991,18.42487984
Tanzania,TZA,2000,18.69781036
Tanzania,TZA,2007,20.57747055
Tanzania,TZA,2011,17.03686517
Tanzania,TZA,2018,17.9023685
Thailand,THA,1981,25.1796071
Thailand,THA,1988,22.58809163
Thailand,THA,1990,20.11945717
Thailand,THA,1992,22.77050819
Thailand,THA,1994,20.23765314
Thailand,THA,1996,20.39903498
Thailand,THA,1998,20.8481666
Thailand,THA,1999,21.27675357
Thailand,THA,2000,21.03355567
Thailand,THA,2002,21.42201434
Thailand,THA,2004,22.30353625
Thailand,THA,2006,22.82317241
Thailand,THA,2007,21.61065037
Thailand,THA,2008,22.11077706
Thailand,THA,2009,22.16933303
Thailand,THA,2010,20.83953632
Thailand,THA,2011,18.54793633
Thailand,THA,2012,21.22188215
Thailand,THA,2013,19.67295827
Thailand,THA,2014,19.54764114
Thailand,THA,2015,18.52988482
Thailand,THA,2016,19.07018886
Thailand,THA,2017,19.52315831
Thailand,THA,2018,19.50016571
Thailand,THA,2019,17.61769043
Thailand,THA,2020,18.89012925
Timor,TLS,2001,18.77832008
Timor,TLS,2007,12.7321479
Timor,TLS,2014,11.88916252
Togo,TGO,2006,21.42623847
Togo,TGO,2011,26.90465092
Togo,TGO,2015,24.6249545
Togo,TGO,2018,23.1692224
Tonga,TON,2000,22.98457949
Tonga,TON,2009,21.72002744
Tonga,TON,2015,19.49697203
Trinidad and Tobago,TTO,1988,27.1098947
Trinidad and Tobago,TTO,1992,25.54200195
Tunisia,TUN,1985,24.37036133
Tunisia,TUN,1990,24.10186035
Tunisia,TUN,1995,24.71208984
Tunisia,TUN,2000,23.78454102
Tunisia,TUN,2005,21.53821176
Tunisia,TUN,2010,20.44990604
Tunisia,TUN,2015,17.74177732
Turkey,TUR,1987,22.22235352
Turkey,TUR,1994,24.02863281
Turkey,TUR,2002,24.10304967
Turkey,TUR,2003,23.79056836
Turkey,TUR,2004,25.78441047
Turkey,TUR,2005,25.07864293
Turkey,TUR,2006,24.57582645
Turkey,TUR,2007,23.87554535
Turkey,TUR,2008,23.79023655
Turkey,TUR,2009,23.96302139
Turkey,TUR,2010,22.29608964
Turkey,TUR,2011,22.73717486
Turkey,TUR,2012,22.46605907
Turkey,TUR,2013,22.80428127
Turkey,TUR,2014,23.1655607
Turkey,TUR,2015,22.59865612
Turkey,TUR,2016,23.00237327
Turkey,TUR,2017,22.76021829
Turkey,TUR,2018,22.85294353
Turkey,TUR,2019,23.69770366
Turkmenistan,TKM,1998,20.83608179
Tuvalu,TUV,2010,21.02545446
Uganda,UGA,1989,26.61600586
Uganda,UGA,1992,21.49470935
Uganda,UGA,1996,19.41557128
Uganda,UGA,1999,21.0960297
Uganda,UGA,2002,20.3795994
Uganda,UGA,2005,21.12729389
Uganda,UGA,2009,19.46373705
Uganda,UGA,2012,19.17612392
Uganda,UGA,2016,20.68927355
Uganda,UGA,2019,20.78294447
Ukraine,UKR,1992,18.03657219
Ukraine,UKR,1993,15.11699037
Ukraine,UKR,1995,22.58849121
Ukraine,UKR,1996,19.71024861
Ukraine,UKR,1999,15.48541992
Ukraine,UKR,2002,15.1986138
Ukraine,UKR,2003,13.75866067
Ukraine,UKR,2004,14.69920532
Ukraine,UKR,2005,14.80423497
Ukraine,UKR,2006,14.65395769
Ukraine,UKR,2007,13.14651159
Ukraine,UKR,2008,12.12305361
Ukraine,UKR,2009,11.35755157
Ukraine,UKR,2010,10.79752306
Ukraine,UKR,2011,10.4832438
Ukraine,UKR,2012,10.98192344
Ukraine,UKR,2013,10.40346598
Ukraine,UKR,2014,9.540325307
Ukraine,UKR,2015,10.72933715
Ukraine,UKR,2016,11.24226714
Ukraine,UKR,2017,11.14523611
Ukraine,UKR,2018,11.71977947
Ukraine,UKR,2019,11.9245538
Ukraine,UKR,2020,10.92432136
United Arab Emirates,ARE,2013,25.61642923
United Kingdom,GBR,1969,15.72271154
United Kingdom,GBR,1974,13.99873455
United Kingdom,GBR,1979,12.98992775
United Kingdom,GBR,1986,18.23597543
United Kingdom,GBR,1991,20.49594891
United Kingdom,GBR,1994,19.99414206
United Kingdom,GBR,1995,19.74954326
United Kingdom,GBR,1996,19.98554568
United Kingdom,GBR,1997,20.24919099
United Kingdom,GBR,1998,20.24916949
United Kingdom,GBR,1999,20.24650986
United Kingdom,GBR,2000,19.99895575
United Kingdom,GBR,2001,19.49731787
United Kingdom,GBR,2002,19.24394724
United Kingdom,GBR,2003,19.24469345
United Kingdom,GBR,2004,20.7636772
United Kingdom,GBR,2005,20.0933234
United Kingdom,GBR,2006,19.55942635
United Kingdom,GBR,2007,19.01013376
United Kingdom,GBR,2008,18.82385915
United Kingdom,GBR,2009,20.53856075
United Kingdom,GBR,2010,19.20365454
United Kingdom,GBR,2011,19.6101933
United Kingdom,GBR,2012,20.15041175
United Kingdom,GBR,2013,20.60102035
United Kingdom,GBR,2014,20.4908185
United Kingdom,GBR,2015,19.34002237
United Kingdom,GBR,2016,19.89040692
United Kingdom,GBR,2017,21.06156436
United States,USA,1974,21.48991618
United States,USA,1979,21.74885944
United States,USA,1986,24.24986156
United States,USA,1991,25.24884936
United States,USA,1992,24.9995648
United States,USA,1993,25.49874899
United States,USA,1994,24.99710497
United States,USA,1995,24.49812547
United States,USA,1996,24.74773029
United States,USA,1997,24.49505341
United States,USA,1998,24.499951
United States,USA,1999,24.49718943
United States,USA,2000,23.99931298
United States,USA,2001,24.24823378
United States,USA,2002,24.74911013
United States,USA,2003,24.74842046
United States,USA,2004,24.24974637
United States,USA,2005,24.24998935
United States,USA,2006,24.74762778
United States,USA,2007,24.74931484
United States,USA,2008,24.499326
United States,USA,2009,24.49779214
United States,USA,2010,24.74865749
United States,USA,2011,24.99911597
United States,USA,2012,25.24973759
United States,USA,2013,24.9930646
United States,USA,2014,23.99602248
United States,USA,2015,24.24773332
United States,USA,2016,24.74872833
United States,USA,2017,25.24657235
United States,USA,2018,24.99882794
United States,USA,2019,24.99873422
Uruguay,URY,2006,26.65102349
Uruguay,URY,2007,26.61351264
Uruguay,URY,2008,26.10412932
Uruguay,URY,2009,26.49936043
Uruguay,URY,2010,26.07119574
Uruguay,URY,2011,25.18284207
Uruguay,URY,2012,24.60288575
Uruguay,URY,2013,24.91552702
Uruguay,URY,2014,24.54471785
Uruguay,URY,2015,25.01425965
Uruguay,URY,2016,24.29407431
Uruguay,URY,2017,23.95399254
Uruguay,URY,2018,23.98205043
Uruguay,URY,2019,24.46580659
Uruguay,URY,2020,25.15277446
Uruguay - urban,,1981,26.03075327
Uruguay - urban,,1989,24.99189736
Uruguay - urban,,1992,24.74062394
Uruguay - urban,,1995,24.94273617
Uruguay - urban,,1996,24.42545011
Uruguay - urban,,1997,24.93030939
Uruguay - urban,,1998,25.89670106
Uruguay - urban,,2000,26.12672364
Uruguay - urban,,2001,26.17516571
Uruguay - urban,,2002,27.15892239
Uruguay - urban,,2003,26.57710085
Uruguay - urban,,2004,27.44761101
Uruguay - urban,,2005,26.77891444
Uzbekistan,UZB,1998,26.91671019
Uzbekistan,UZB,2000,18.66461752
Uzbekistan,UZB,2002,13.77890424
Uzbekistan,UZB,2003,16.48155533
Vanuatu,VUT,2010,21.02077951
Vanuatu,VUT,2019,20.69579958
Venezuela,VEN,1981,31.14806509
Venezuela,VEN,1987,30.96005825
Venezuela,VEN,1989,26.33583454
Venezuela,VEN,1992,23.62325224
Venezuela,VEN,1995,27.73066115
Venezuela,VEN,1998,28.42205263
Venezuela,VEN,1999,27.830081
Venezuela,VEN,2001,27.05013973
Venezuela,VEN,2002,28.11127164
Venezuela,VEN,2003,28.41438906
Venezuela,VEN,2004,27.88273815
Venezuela,VEN,2005,28.95031176
Venezuela,VEN,2006,26.07848795
Vietnam,VNM,1992,15.42849952
Vietnam,VNM,1997,13.4880437
Vietnam,VNM,2002,15.58932368
Vietnam,VNM,2004,18.09291109
Vietnam,VNM,2006,19.01220508
Vietnam,VNM,2008,17.15380354
Vietnam,VNM,2010,19.72277575
Vietnam,VNM,2012,20.37864613
Vietnam,VNM,2014,19.55917099
Vietnam,VNM,2016,20.25202375
Vietnam,VNM,2018,20.39268414
Yemen,YEM,1998,19.75272602
Yemen,YEM,2005,16.83542831
Yemen,YEM,2014,18.1055969
Zambia,ZMB,1991,38.28919954
Zambia,ZMB,1993,31.46995198
Zambia,ZMB,1996,26.89823856
Zambia,ZMB,1998,27.42714089
Zambia,ZMB,2002,20.45003891
Zambia,ZMB,2004,28.6325414
Zambia,ZMB,2006,28.9306094
Zambia,ZMB,2010,26.59465928
Zambia,ZMB,2015,31.93469743
Zimbabwe,ZWE,2011,24.145527
Zimbabwe,ZWE,2017,21.5555141
Zimbabwe,ZWE,2019,24.68153882
