Entity,Code,Year,Mean income or expenditure per day
Albania,ALB,1996,7.933156834567807
Albania,ALB,2002,8.108227985412178
Albania,ALB,2005,9.165973675060911
Albania,ALB,2008,10.038168285990896
Albania,ALB,2012,9.517230603726524
Albania,ALB,2014,10.141309648398275
Albania,ALB,2015,12.055372382517964
Albania,ALB,2016,12.541092354465023
Albania,ALB,2017,12.411218948203334
Albania,ALB,2018,13.316506107778826
Albania,ALB,2019,15.581382637045923
Algeria,DZA,1988,7.464024072562243
Algeria,DZA,1995,7.111213691730655
Algeria,DZA,2011,9.225503374228282
Angola,AGO,2000,7.374365426841039
Angola,AGO,2008,6.513751809548646
Angola,AGO,2018,5.482150726198142
Argentina - urban,,1980,32.47283363214869
Argentina - urban,,1986,35.167551762431934
Argentina - urban,,1987,32.14556881159724
Argentina - urban,,1991,22.81104021238504
Argentina - urban,,1992,23.00445864753348
Argentina - urban,,1993,23.05283861579658
Argentina - urban,,1994,22.77439812512207
Argentina - urban,,1995,21.63388689711729
Argentina - urban,,1996,21.192957128336744
Argentina - urban,,1997,22.20674194777844
Argentina - urban,,1998,21.5637937551473
Argentina - urban,,1999,20.5546854199162
Argentina - urban,,2000,20.10494267374053
Argentina - urban,,2001,18.51360410736107
Argentina - urban,,2002,13.004920748939508
Argentina - urban,,2003,18.40442953639838
Argentina - urban,,2004,19.8381538365751
Argentina - urban,,2005,21.82069831105517
Argentina - urban,,2006,24.166915526693074
Argentina - urban,,2007,24.92478479981154
Argentina - urban,,2008,25.51329964092185
Argentina - urban,,2009,26.400297432398716
Argentina - urban,,2010,27.206145522843613
Argentina - urban,,2011,28.93932174652086
Argentina - urban,,2012,28.67457637475568
Argentina - urban,,2013,28.7907892949517
Argentina - urban,,2014,26.947942230014583
Argentina - urban,,2016,28.14445059642748
Argentina - urban,,2017,29.55788365348206
Argentina - urban,,2018,26.796218897069288
Argentina - urban,,2019,26.095949008837703
Argentina - urban,,2020,22.84354708143823
Armenia,ARM,1996,6.768340694376414
Armenia,ARM,1999,5.100736093031294
Armenia,ARM,2001,4.846677313433741
Armenia,ARM,2002,5.084001243335804
Armenia,ARM,2003,5.225257117721712
Armenia,ARM,2004,6.478400022101923
Armenia,ARM,2005,7.138377746883846
Armenia,ARM,2006,6.890281746690537
Armenia,ARM,2007,7.675123710190498
Armenia,ARM,2008,7.844795081320976
Armenia,ARM,2009,6.972357532388735
Armenia,ARM,2010,7.118401440702037
Armenia,ARM,2011,7.266699730844926
Armenia,ARM,2012,7.527843457667805
Armenia,ARM,2013,7.810947099477343
Armenia,ARM,2014,8.011235235285863
Armenia,ARM,2015,8.588196247776535
Armenia,ARM,2016,9.041171659143032
Armenia,ARM,2017,8.79643570274468
Armenia,ARM,2018,8.794251525572044
Armenia,ARM,2019,7.877928988786104
Armenia,ARM,2020,7.4696150607038145
Australia,AUS,1981,38.33816504719713
Australia,AUS,1985,39.61470312175246
Australia,AUS,1989,40.71300793735792
Australia,AUS,1995,37.488868416916574
Australia,AUS,2001,43.1919198878675
Australia,AUS,2003,44.54256991933377
Australia,AUS,2004,48.47961591857322
Australia,AUS,2008,61.29653386474795
Australia,AUS,2010,61.07591581802195
Australia,AUS,2014,65.29173493065431
Australia,AUS,2016,63.78409433609232
Australia,AUS,2018,64.60964342099022
Austria,AUT,1987,48.44119493710311
Austria,AUT,1994,52.95657519980031
Austria,AUT,1995,45.14906942702444
Austria,AUT,1997,50.68832630133659
Austria,AUT,2000,53.75496625723844
Austria,AUT,2003,55.16432145820662
Austria,AUT,2004,58.215555210651935
Austria,AUT,2005,55.63883833122828
Austria,AUT,2006,56.96010875588757
Austria,AUT,2007,59.32458737886929
Austria,AUT,2008,60.316737887701215
Austria,AUT,2009,62.46101543814576
Austria,AUT,2010,63.09250231121733
Austria,AUT,2011,61.909379913489005
Austria,AUT,2012,60.494098245039744
Austria,AUT,2013,63.458008593743074
Austria,AUT,2014,62.47971936036536
Austria,AUT,2015,62.24562225903544
Austria,AUT,2016,65.06518473964739
Austria,AUT,2017,64.19477811315521
Austria,AUT,2018,64.86730604913835
Austria,AUT,2019,66.16818573537036
Azerbaijan,AZE,1995,5.290797921773004
Azerbaijan,AZE,2001,6.459353622893678
Azerbaijan,AZE,2002,8.152217324257457
Azerbaijan,AZE,2003,8.493119565589485
Azerbaijan,AZE,2004,8.74016173345974
Azerbaijan,AZE,2005,9.71876762188104
Bangladesh,BGD,1983,2.750591508796942
Bangladesh,BGD,1988,2.7881465053822057
Bangladesh,BGD,1991,2.725812341805471
Bangladesh,BGD,1995,3.3093133546698867
Bangladesh,BGD,2000,3.417417398813455
Bangladesh,BGD,2005,3.814517192210432
Bangladesh,BGD,2010,4.0828527745188055
Bangladesh,BGD,2016,4.474710141521842
Belarus,BLR,1993,6.160662311934021
Belarus,BLR,1995,9.197755941498896
Belarus,BLR,1998,3.9448279866481455
Belarus,BLR,1999,4.185409298134214
Belarus,BLR,2000,4.645981237445253
Belarus,BLR,2001,5.767390274527023
Belarus,BLR,2002,6.3353015359111815
Belarus,BLR,2003,6.536702398379727
Belarus,BLR,2004,7.341129818192693
Belarus,BLR,2005,9.028547762595917
Belarus,BLR,2006,10.439299116752064
Belarus,BLR,2007,11.997122273391746
Belarus,BLR,2008,12.46642988174838
Belarus,BLR,2009,12.590503662577213
Belarus,BLR,2010,14.20415162189162
Belarus,BLR,2011,14.55051195741019
Belarus,BLR,2012,16.294647002852436
Belarus,BLR,2013,18.165651513764526
Belarus,BLR,2014,18.91825027523821
Belarus,BLR,2015,16.94639836431485
Belarus,BLR,2016,16.28043140813494
Belarus,BLR,2017,16.718976418186326
Belarus,BLR,2018,18.151939549443465
Belarus,BLR,2019,19.13246088545132
Belarus,BLR,2020,19.26502566096232
Belgium,BEL,1985,34.18008528524909
Belgium,BEL,1988,35.94177922834593
Belgium,BEL,1992,38.67516369855289
Belgium,BEL,1995,46.34722740514754
Belgium,BEL,1997,45.57291152306197
Belgium,BEL,2000,54.6847791774121
Belgium,BEL,2003,49.018376044785576
Belgium,BEL,2004,52.89336934703129
Belgium,BEL,2005,52.83283590392235
Belgium,BEL,2006,51.93823275729586
Belgium,BEL,2007,53.44758061824619
Belgium,BEL,2008,54.16453926022699
Belgium,BEL,2009,54.72569830925915
Belgium,BEL,2010,54.3217586289564
Belgium,BEL,2011,52.99818384869134
Belgium,BEL,2012,54.504012388143806
Belgium,BEL,2013,54.39067114513158
Belgium,BEL,2014,55.043016178573815
Belgium,BEL,2015,55.69448485193865
Belgium,BEL,2016,55.09243093019037
Belgium,BEL,2017,55.70167275150931
Belgium,BEL,2018,57.007874228947934
Belgium,BEL,2019,58.98650647000115
Belize,BLZ,1993,10.529692213914744
Belize,BLZ,1994,10.236449157565437
Belize,BLZ,1995,12.99620365609248
Belize,BLZ,1996,8.193869814602335
Belize,BLZ,1997,8.47829959844019
Belize,BLZ,1998,7.960721527786778
Belize,BLZ,1999,8.289961432176481
Benin,BEN,2003,2.7582293922625647
Benin,BEN,2011,2.9957622513469766
Benin,BEN,2015,3.0038466474577445
Benin,BEN,2018,4.65196347049704
Bhutan,BTN,2003,5.986576418360671
Bhutan,BTN,2007,7.240447599649203
Bhutan,BTN,2012,9.905167149462716
Bhutan,BTN,2017,10.762673258957683
Bolivia,BOL,1997,13.518981154186504
Bolivia,BOL,1999,11.83626601025017
Bolivia,BOL,2000,11.052011689829015
Bolivia,BOL,2001,11.46339739780351
Bolivia,BOL,2002,11.457341044832177
Bolivia,BOL,2004,13.1819127346318
Bolivia,BOL,2005,14.023063406052318
Bolivia,BOL,2006,14.938175806659624
Bolivia,BOL,2007,14.881189841334766
Bolivia,BOL,2008,15.605116755668966
Bolivia,BOL,2009,16.496235424702515
Bolivia,BOL,2011,18.122355287854823
Bolivia,BOL,2012,18.546308523893
Bolivia,BOL,2013,20.446982880276124
Bolivia,BOL,2014,20.55850900004684
Bolivia,BOL,2015,19.816477104827715
Bolivia,BOL,2016,18.882017751009347
Bolivia,BOL,2017,19.07899825103446
Bolivia,BOL,2018,18.74685744151165
Bolivia,BOL,2019,19.60642729805217
Bolivia,BOL,2020,19.6432664771298
Bolivia - urban,,1990,11.045098522100153
Bolivia - urban,,1992,9.351042297626757
Bosnia and Herzegovina,BIH,2001,13.474113205448273
Bosnia and Herzegovina,BIH,2004,20.385946492317487
Bosnia and Herzegovina,BIH,2007,22.21468575208309
Bosnia and Herzegovina,BIH,2011,21.18461777541831
Botswana,BWA,1985,4.64305201302756
Botswana,BWA,1993,6.605810244228382
Botswana,BWA,2002,9.55829238907999
Botswana,BWA,2009,11.009727547524514
Botswana,BWA,2015,8.821087239545536
Brazil,BRA,1981,8.443970932128934
Brazil,BRA,1982,8.605181569265733
Brazil,BRA,1983,7.266532747849083
Brazil,BRA,1984,7.2208850120638575
Brazil,BRA,1985,7.61943830342328
Brazil,BRA,1986,13.626885397918482
Brazil,BRA,1987,10.699787252846304
Brazil,BRA,1988,10.548887160119603
Brazil,BRA,1989,12.247324153837097
Brazil,BRA,1990,9.604920452412586
Brazil,BRA,1992,7.647534646835815
Brazil,BRA,1993,9.620529213346815
Brazil,BRA,1995,12.896447355964174
Brazil,BRA,1996,12.966114746524728
Brazil,BRA,1997,12.816409255661664
Brazil,BRA,1998,13.207027448181272
Brazil,BRA,1999,12.385648556298047
Brazil,BRA,2001,13.874270385967698
Brazil,BRA,2002,14.087753845335016
Brazil,BRA,2003,13.399859435533092
Brazil,BRA,2004,13.467339866442348
Brazil,BRA,2005,14.147952150806727
Brazil,BRA,2006,15.197553435709455
Brazil,BRA,2007,15.71491283462174
Brazil,BRA,2008,16.558107228751005
Brazil,BRA,2009,17.066104093899472
Brazil,BRA,2011,18.37197081855881
Brazil,BRA,2012,19.707026371092983
Brazil,BRA,2013,20.54420964734135
Brazil,BRA,2014,20.97477651059617
Brazil,BRA,2015,20.34713218360739
Brazil,BRA,2016,20.34637367430565
Brazil,BRA,2017,20.32995768392848
Brazil,BRA,2018,21.023630597110312
Brazil,BRA,2019,21.11512896344161
Brazil,BRA,2020,21.03720774716041
Bulgaria,BGR,1989,25.27442127977576
Bulgaria,BGR,1992,21.488544520052788
Bulgaria,BGR,1994,14.590320991161098
Bulgaria,BGR,1995,13.510398951810243
Bulgaria,BGR,1997,7.594035329884577
Bulgaria,BGR,2001,10.7230458949907
Bulgaria,BGR,2003,10.043354084999375
Bulgaria,BGR,2006,11.189068027893375
Bulgaria,BGR,2007,13.376852149578884
Bulgaria,BGR,2008,17.41311532997392
Bulgaria,BGR,2009,18.170862593391107
Bulgaria,BGR,2010,17.400626193793546
Bulgaria,BGR,2011,16.1228343334109
Bulgaria,BGR,2012,16.949431750566987
Bulgaria,BGR,2013,18.926698174335066
Bulgaria,BGR,2014,20.17313025299022
Bulgaria,BGR,2015,19.2537927704163
Bulgaria,BGR,2016,23.008419632505078
Bulgaria,BGR,2017,22.89602843388781
Bulgaria,BGR,2018,26.54957878397168
Bulgaria,BGR,2019,27.42943194511317
Burkina Faso,BFA,1994,1.5955776777161388
Burkina Faso,BFA,1998,1.927792198081132
Burkina Faso,BFA,2003,2.807119048958975
Burkina Faso,BFA,2009,2.837405503787492
Burkina Faso,BFA,2014,3.2779928036013395
Burkina Faso,BFA,2018,4.980804248983147
Burundi,BDI,1992,1.8034868435069464
Burundi,BDI,1998,1.6540420352558152
Burundi,BDI,2006,2.009710669055889
Burundi,BDI,2013,2.2902755190872077
Cameroon,CMR,1996,3.3049664080119565
Cameroon,CMR,2001,4.6777473177522575
Cameroon,CMR,2007,4.419707363814308
Cameroon,CMR,2014,5.75289780825642
Canada,CAN,1971,32.20183134035328
Canada,CAN,1975,40.16856540682886
Canada,CAN,1981,45.503767200434325
Canada,CAN,1987,46.819264515842974
Canada,CAN,1991,47.11535360637978
Canada,CAN,1994,47.99028504660773
Canada,CAN,1997,48.13693033323375
Canada,CAN,1998,49.60521057596383
Canada,CAN,2000,50.32288727480972
Canada,CAN,2004,54.24025699146678
Canada,CAN,2007,59.49287293121316
Canada,CAN,2010,60.81035418433378
Canada,CAN,2012,61.78147432039599
Canada,CAN,2013,62.97014705599132
Canada,CAN,2014,63.24268033218587
Canada,CAN,2015,63.73999652371518
Canada,CAN,2016,63.19350167786212
Canada,CAN,2017,65.49503182024233
Cape Verde,CPV,2001,7.39603221395515
Cape Verde,CPV,2007,8.257052068608969
Cape Verde,CPV,2015,9.503320744684093
Central African Republic,CAF,1992,1.467162534167031
Central African Republic,CAF,2008,3.03854122444462
Chad,TCD,2003,2.5097341179341037
Chad,TCD,2011,3.8112840925972
Chad,TCD,2018,3.813031819572507
Chile,CHL,1987,9.77147186561757
Chile,CHL,1990,11.670218817096645
Chile,CHL,1992,12.438394308694422
Chile,CHL,1994,13.95468568410501
Chile,CHL,1996,15.108896490821406
Chile,CHL,1998,16.202718233075476
Chile,CHL,2000,13.955495645389588
Chile,CHL,2003,13.741859401157852
Chile,CHL,2006,15.432316077150832
Chile,CHL,2009,16.551550980218472
Chile,CHL,2011,17.84430811339462
Chile,CHL,2013,21.519649924430816
Chile,CHL,2015,22.525043311941403
Chile,CHL,2017,25.014723052249145
Chile,CHL,2020,25.487513164738857
China,CHN,1981,1.178537468328979
China,CHN,1984,1.5651827340600386
China,CHN,1987,1.921105548365066
China,CHN,1990,1.900334209474921
China,CHN,1993,2.213700306863841
China,CHN,1996,2.802899497006755
China,CHN,1999,3.081265473249851
China,CHN,2002,3.911130259740621
China,CHN,2005,5.08678354830368
China,CHN,2008,6.264326933548367
China,CHN,2010,7.361188655459351
China,CHN,2011,7.8970141291784355
China,CHN,2012,8.626949308010424
China,CHN,2013,9.70408915451515
China,CHN,2014,10.454360237046462
China,CHN,2015,11.19093205711589
China,CHN,2016,11.928445464053112
China,CHN,2017,12.597817808751005
China,CHN,2018,13.398590651149432
China,CHN,2019,14.174433240399884
China - rural,,1981,0.9969741899270036
China - rural,,1984,1.3905840726334948
China - rural,,1987,1.690270013939198
China - rural,,1990,1.617759493051904
China - rural,,1993,1.748851173773411
China - rural,,1996,2.2832521375553747
China - rural,,1999,2.292872410547804
China - rural,,2002,2.657434887661044
China - rural,,2005,3.402048769133589
China - rural,,2008,3.9276117532914383
China - rural,,2010,4.465901651246544
China - rural,,2011,4.826091351458322
China - rural,,2012,5.327397296997713
China - rural,,2013,6.413086739325216
China - rural,,2014,7.017867291817479
China - rural,,2015,7.572367800628653
China - rural,,2016,8.043923659102642
China - rural,,2017,8.587985444405895
China - rural,,2018,9.309294527001695
China - rural,,2019,9.915923042391295
China - urban,,1981,1.899465882313866
China - urban,,1984,2.1769582618733847
China - urban,,1987,2.6418159726293524
China - urban,,1990,2.686418127575004
China - urban,,1993,3.346106210578928
China - urban,,1996,3.911424087208777
China - urban,,1999,4.554146072531969
China - urban,,2002,5.920142427230536
China - urban,,2005,7.364079671691556
China - urban,,2008,8.948594546137466
China - urban,,2010,10.34752316331709
China - urban,,2011,10.90580226005664
China - urban,,2012,11.70149564271246
China - urban,,2013,12.621002563935582
China - urban,,2014,13.351365784372948
China - urban,,2015,14.092303397902953
China - urban,,2016,14.890585050324916
China - urban,,2017,15.506260745208364
China - urban,,2018,16.22249463035136
China - urban,,2019,16.977192187450296
Colombia,COL,1992,10.349040227926848
Colombia,COL,1996,9.391803720788252
Colombia,COL,1999,8.98274114458175
Colombia,COL,2000,10.019186485787207
Colombia,COL,2001,8.347502221881998
Colombia,COL,2002,10.530441059769492
Colombia,COL,2003,9.988852037944024
Colombia,COL,2004,10.592830269508235
Colombia,COL,2005,11.16773816217869
Colombia,COL,2008,12.635513466618931
Colombia,COL,2009,12.7437058208453
Colombia,COL,2010,13.765179779751316
Colombia,COL,2011,14.282545727275524
Colombia,COL,2012,14.48170654078053
Colombia,COL,2013,15.205298669717903
Colombia,COL,2014,15.922020379253992
Colombia,COL,2015,15.589206410946424
Colombia,COL,2016,15.36132952553736
Colombia,COL,2017,15.247609270243414
Colombia,COL,2018,15.505493449917902
Colombia,COL,2019,15.541571139163366
Colombia,COL,2020,13.172428202047165
Colombia - urban,,1980,9.969703620370568
Colombia - urban,,1988,10.334102440924266
Colombia - urban,,1989,10.272258516115032
Colombia - urban,,1991,10.451902785918154
Comoros,COM,2004,8.687197954895304
Comoros,COM,2014,6.423948174161922
Congo,COG,2005,3.3899315367920764
Congo,COG,2011,4.591497235482542
Costa Rica,CRI,1981,5.9400826955294805
Costa Rica,CRI,1986,6.152059286520832
Costa Rica,CRI,1989,9.903696039395737
Costa Rica,CRI,1990,10.21844061585651
Costa Rica,CRI,1991,9.372539735616527
Costa Rica,CRI,1992,9.95861722903915
Costa Rica,CRI,1993,11.537652052695544
Costa Rica,CRI,1994,13.033066704935282
Costa Rica,CRI,1995,12.434426900277678
Costa Rica,CRI,1996,11.78159800606778
Costa Rica,CRI,1997,12.430808064019825
Costa Rica,CRI,1998,13.969756966801864
Costa Rica,CRI,1999,13.608899275783257
Costa Rica,CRI,2000,13.495131899273508
Costa Rica,CRI,2001,18.394955285600364
Costa Rica,CRI,2002,18.694383983910825
Costa Rica,CRI,2003,18.32333550618642
Costa Rica,CRI,2004,17.128422804580445
Costa Rica,CRI,2005,17.804160833976287
Costa Rica,CRI,2006,18.531050754206543
Costa Rica,CRI,2007,20.63209123751072
Costa Rica,CRI,2008,20.777501633087105
Costa Rica,CRI,2009,22.71151425784419
Costa Rica,CRI,2010,23.18134473029016
Costa Rica,CRI,2011,23.91210437991959
Costa Rica,CRI,2012,24.69894483683323
Costa Rica,CRI,2013,25.457399187110973
Costa Rica,CRI,2014,24.876719268534508
Costa Rica,CRI,2015,24.893182597381355
Costa Rica,CRI,2016,25.845207508959444
Costa Rica,CRI,2017,26.25691521084901
Costa Rica,CRI,2018,25.642475232827845
Costa Rica,CRI,2019,25.52903391897398
Costa Rica,CRI,2020,22.207888959769512
Cote d'Ivoire,CIV,1985,8.978971804377254
Cote d'Ivoire,CIV,1986,7.443239930696623
Cote d'Ivoire,CIV,1987,6.802781917145021
Cote d'Ivoire,CIV,1988,5.375356511375376
Cote d'Ivoire,CIV,1992,4.333913461337407
Cote d'Ivoire,CIV,1995,4.50344813688583
Cote d'Ivoire,CIV,1998,3.912407117116104
Cote d'Ivoire,CIV,2002,4.160559336349063
Cote d'Ivoire,CIV,2008,3.9919024071013514
Cote d'Ivoire,CIV,2015,3.92964511157315
Cote d'Ivoire,CIV,2018,5.67187293255596
Croatia,HRV,1998,39.067521283097335
Croatia,HRV,1999,19.642483807362048
Croatia,HRV,2000,22.08115481488879
Croatia,HRV,2001,20.841942499454746
Croatia,HRV,2004,32.67410248332187
Croatia,HRV,2008,32.30419001867761
Croatia,HRV,2009,31.78586058084897
Croatia,HRV,2010,26.60445999043679
Croatia,HRV,2011,21.76984939043661
Croatia,HRV,2012,20.69397864473772
Croatia,HRV,2013,20.38193161005513
Croatia,HRV,2014,21.50998106575194
Croatia,HRV,2015,22.44778556509312
Croatia,HRV,2016,24.248220568956487
Croatia,HRV,2017,25.510685874717858
Croatia,HRV,2018,27.3946761527858
Croatia,HRV,2019,29.081573430628023
Cyprus,CYP,2004,44.92354160334362
Cyprus,CYP,2005,47.96579808481193
Cyprus,CYP,2006,52.68821608051213
Cyprus,CYP,2007,52.78881094761651
Cyprus,CYP,2008,52.38207018389164
Cyprus,CYP,2009,51.81122305184835
Cyprus,CYP,2010,52.6246920702485
Cyprus,CYP,2011,52.382617577028334
Cyprus,CYP,2012,49.4716234762852
Cyprus,CYP,2013,47.4816934109254
Cyprus,CYP,2014,44.25257353210446
Cyprus,CYP,2015,45.08929770749123
Cyprus,CYP,2016,46.596824087653424
Cyprus,CYP,2017,47.56426983637183
Cyprus,CYP,2018,51.21248752758126
Cyprus,CYP,2019,51.57456356625936
Czechia,CZE,1992,18.431473164457103
Czechia,CZE,1993,19.97018405017787
Czechia,CZE,1996,22.608211291863217
Czechia,CZE,2002,24.971948842297124
Czechia,CZE,2004,26.87591660943829
Czechia,CZE,2005,27.595200567072347
Czechia,CZE,2006,29.11702089037447
Czechia,CZE,2007,30.65649095047734
Czechia,CZE,2008,31.410510028987897
Czechia,CZE,2009,31.865326630525946
Czechia,CZE,2010,31.808458208855487
Czechia,CZE,2011,31.77458848146456
Czechia,CZE,2012,31.239332247347896
Czechia,CZE,2013,31.446279458106183
Czechia,CZE,2014,32.1802180298482
Czechia,CZE,2015,33.508005662823834
Czechia,CZE,2016,34.75120543904476
Czechia,CZE,2017,35.919323396636194
Czechia,CZE,2018,37.61908989159718
Czechia,CZE,2019,39.36648856853251
Democratic Republic of Congo,COD,2004,1.0042020558014135
Democratic Republic of Congo,COD,2012,2.030942068199608
Denmark,DNK,1987,48.364932775322536
Denmark,DNK,1992,47.54213508472098
Denmark,DNK,1995,49.27404057801969
Denmark,DNK,2000,52.62580086717645
Denmark,DNK,2003,51.40905420988517
Denmark,DNK,2004,52.30966038003246
Denmark,DNK,2005,52.91216176070021
Denmark,DNK,2006,54.57901992287878
Denmark,DNK,2007,55.581822625641735
Denmark,DNK,2008,54.998692568762806
Denmark,DNK,2009,55.80272241433951
Denmark,DNK,2010,58.56977404641889
Denmark,DNK,2011,57.635938668287
Denmark,DNK,2012,57.29247650954341
Denmark,DNK,2013,58.6878251682622
Denmark,DNK,2014,59.09234663359927
Denmark,DNK,2015,59.66393108073984
Denmark,DNK,2016,60.6679152478614
Denmark,DNK,2017,62.13651582386386
Denmark,DNK,2018,62.73976589419892
Denmark,DNK,2019,62.7363613426623
Djibouti,DJI,2002,4.7274617308803855
Djibouti,DJI,2012,5.809089465252706
Djibouti,DJI,2013,5.18847413910651
Djibouti,DJI,2017,5.44380242715358
Dominican Republic,DOM,1986,13.201919332249602
Dominican Republic,DOM,1989,7.841691289203987
Dominican Republic,DOM,1992,10.69269574467313
Dominican Republic,DOM,1996,11.832832025665097
Dominican Republic,DOM,1997,12.958980616871232
Dominican Republic,DOM,2000,13.943538635523234
Dominican Republic,DOM,2001,13.393598484855069
Dominican Republic,DOM,2002,13.004035719207293
Dominican Republic,DOM,2003,11.595250899071118
Dominican Republic,DOM,2004,9.876797064993408
Dominican Republic,DOM,2005,11.402681697004295
Dominican Republic,DOM,2006,12.998945336800222
Dominican Republic,DOM,2007,11.8971702712979
Dominican Republic,DOM,2008,11.480384778356264
Dominican Republic,DOM,2009,12.406510156878165
Dominican Republic,DOM,2010,12.230480927541338
Dominican Republic,DOM,2011,12.691667702441196
Dominican Republic,DOM,2012,12.134891923340913
Dominican Republic,DOM,2013,12.818437481179336
Dominican Republic,DOM,2014,13.28903592956267
Dominican Republic,DOM,2015,14.589206628674228
Dominican Republic,DOM,2016,15.629208701309947
Dominican Republic,DOM,2017,14.788186880366698
Dominican Republic,DOM,2018,16.232815855153312
Dominican Republic,DOM,2019,16.46926405693961
Dominican Republic,DOM,2020,14.37327621920129
East Asia and Pacific,,1990,2.384085541189856
East Asia and Pacific,,1991,2.467890573509289
East Asia and Pacific,,1992,2.594788711661975
East Asia and Pacific,,1993,2.7123283201113293
East Asia and Pacific,,1994,2.895143056848014
East Asia and Pacific,,1995,3.0989939280152594
East Asia and Pacific,,1996,3.326906406525232
East Asia and Pacific,,1997,3.401288463521719
East Asia and Pacific,,1998,3.369022004415644
East Asia and Pacific,,1999,3.529027964493188
East Asia and Pacific,,2000,3.7546285905150953
East Asia and Pacific,,2001,3.950263353187482
East Asia and Pacific,,2002,4.287767526302334
East Asia and Pacific,,2003,4.541449310522429
East Asia and Pacific,,2004,4.859208756222333
East Asia and Pacific,,2005,5.31797831177661
East Asia and Pacific,,2006,5.57005811154765
East Asia and Pacific,,2007,5.997851926919183
East Asia and Pacific,,2008,6.314174173297378
East Asia and Pacific,,2009,6.731862636574296
East Asia and Pacific,,2010,7.423108285733334
East Asia and Pacific,,2011,7.922573906305367
East Asia and Pacific,,2012,8.529212405400182
East Asia and Pacific,,2013,9.372856682221098
East Asia and Pacific,,2014,9.95758877907253
East Asia and Pacific,,2015,10.59792538992114
East Asia and Pacific,,2016,11.190226503699046
East Asia and Pacific,,2017,11.761604310079615
East Asia and Pacific,,2018,12.415340359196
East Asia and Pacific,,2019,13.048634034315471
Ecuador,ECU,1994,8.292420807813599
Ecuador,ECU,1999,8.501190123471531
Ecuador,ECU,2000,6.542926833182451
Ecuador,ECU,2003,9.734901656646382
Ecuador,ECU,2004,9.587329419545313
Ecuador,ECU,2005,11.362322533566957
Ecuador,ECU,2006,12.504750704511729
Ecuador,ECU,2007,13.178304401634064
Ecuador,ECU,2008,12.595899552744385
Ecuador,ECU,2009,12.136972784086549
Ecuador,ECU,2010,13.432923722287908
Ecuador,ECU,2011,13.875499849553554
Ecuador,ECU,2012,14.782933433756591
Ecuador,ECU,2013,15.29881028783089
Ecuador,ECU,2014,15.471024781178984
Ecuador,ECU,2015,15.580119031149303
Ecuador,ECU,2016,15.25877947640247
Ecuador,ECU,2017,15.694720953363069
Ecuador,ECU,2018,15.658377702032634
Ecuador,ECU,2019,15.380205300505994
Ecuador,ECU,2020,13.677037662176827
Ecuador - urban,,1987,8.380226589287172
Ecuador - urban,,1995,8.200394837522204
Ecuador - urban,,1998,7.782866373828431
Egypt,EGY,1990,5.539277102362895
Egypt,EGY,1995,5.363062642591278
Egypt,EGY,1999,6.657772104525675
Egypt,EGY,2004,5.864025033658333
Egypt,EGY,2008,5.899007030753123
Egypt,EGY,2010,6.546503673768889
Egypt,EGY,2012,6.689094869666165
Egypt,EGY,2015,7.248880235160055
Egypt,EGY,2017,6.300634924894903
El Salvador,SLV,1989,7.912807294608116
El Salvador,SLV,1991,7.710024057546322
El Salvador,SLV,1995,8.885467778076656
El Salvador,SLV,1996,8.85879804075871
El Salvador,SLV,1998,8.993803542885159
El Salvador,SLV,1999,9.390126350013125
El Salvador,SLV,2000,10.6290562312419
El Salvador,SLV,2001,10.175318084425696
El Salvador,SLV,2002,10.26262278697071
El Salvador,SLV,2003,9.495242281255464
El Salvador,SLV,2004,9.768703505032668
El Salvador,SLV,2005,9.938345741312324
El Salvador,SLV,2006,9.909668591897008
El Salvador,SLV,2007,10.604967856112609
El Salvador,SLV,2008,10.22961906558786
El Salvador,SLV,2009,9.87729109088976
El Salvador,SLV,2010,9.77703885475388
El Salvador,SLV,2011,9.54515539334125
El Salvador,SLV,2012,9.877428882367688
El Salvador,SLV,2013,10.895257805173738
El Salvador,SLV,2014,10.633079674121548
El Salvador,SLV,2015,10.940505938151666
El Salvador,SLV,2016,11.026738229405304
El Salvador,SLV,2017,11.070995849585405
El Salvador,SLV,2018,11.906972276493208
El Salvador,SLV,2019,12.95172628723211
Estonia,EST,1993,12.440411220636417
Estonia,EST,1995,10.22755068131834
Estonia,EST,1998,13.157551408388096
Estonia,EST,2000,12.07843901631534
Estonia,EST,2001,11.727026849178978
Estonia,EST,2002,11.984227129225824
Estonia,EST,2003,12.146917113741674
Estonia,EST,2004,13.967663086924864
Estonia,EST,2005,19.75358997498734
Estonia,EST,2006,23.001494983041265
Estonia,EST,2007,25.88312325997927
Estonia,EST,2008,26.773018513849664
Estonia,EST,2009,25.20763113016773
Estonia,EST,2010,23.695606925425277
Estonia,EST,2011,24.56063120432801
Estonia,EST,2012,25.97439534434884
Estonia,EST,2013,28.28964117541672
Estonia,EST,2014,30.563865395373856
Estonia,EST,2015,32.68025007194869
Estonia,EST,2016,34.755339264799524
Estonia,EST,2017,36.74731935965429
Estonia,EST,2018,38.94569635286664
Estonia,EST,2019,41.0066942748077
Eswatini,SWZ,1994,1.4823712075120112
Eswatini,SWZ,2000,3.526331770672181
Eswatini,SWZ,2009,3.729544971007883
Eswatini,SWZ,2016,5.632313921408634
Ethiopia,ETH,1995,2.5351055073789626
Ethiopia,ETH,1999,2.4921902151131734
Ethiopia,ETH,2004,3.140356932023765
Ethiopia,ETH,2010,3.3637260777834523
Ethiopia,ETH,2015,3.7388039379812974
Ethiopia - rural,,1981,2.151249996935113
Europe and Central Asia,,1990,14.886266012394271
Europe and Central Asia,,1991,13.672401558005308
Europe and Central Asia,,1992,12.21611530390042
Europe and Central Asia,,1993,10.795060103648824
Europe and Central Asia,,1994,10.25140293980317
Europe and Central Asia,,1995,10.987203821749745
Europe and Central Asia,,1996,10.441977648493165
Europe and Central Asia,,1997,10.332001806295017
Europe and Central Asia,,1998,10.388458208415706
Europe and Central Asia,,1999,9.057836448871312
Europe and Central Asia,,2000,9.604278725874844
Europe and Central Asia,,2001,10.009377676752724
Europe and Central Asia,,2002,10.65851335971819
Europe and Central Asia,,2003,11.329861171643106
Europe and Central Asia,,2004,12.366242772697923
Europe and Central Asia,,2005,13.141663582415728
Europe and Central Asia,,2006,13.997725498443634
Europe and Central Asia,,2007,15.335127728919892
Europe and Central Asia,,2008,16.731692278200402
Europe and Central Asia,,2009,16.271803804699033
Europe and Central Asia,,2010,16.929640597491158
Europe and Central Asia,,2011,17.485408904797588
Europe and Central Asia,,2012,18.03195892932662
Europe and Central Asia,,2013,18.551956028406536
Europe and Central Asia,,2014,18.683893308197824
Europe and Central Asia,,2015,18.079847018566376
Europe and Central Asia,,2016,18.23754991422263
Europe and Central Asia,,2017,18.814675792269384
Europe and Central Asia,,2018,19.195111253615924
Europe and Central Asia,,2019,20.036691672772783
Fiji,FJI,2002,9.828248015418874
Fiji,FJI,2008,10.984358538177746
Fiji,FJI,2013,10.722516389587552
Fiji,FJI,2019,7.907094894156149
Finland,FIN,1987,35.58694313558077
Finland,FIN,1991,40.04177602078006
Finland,FIN,1995,37.21986460923259
Finland,FIN,2000,43.182104786192674
Finland,FIN,2003,45.78528899508406
Finland,FIN,2004,47.99531537295768
Finland,FIN,2005,49.62122121316423
Finland,FIN,2006,50.39207838719617
Finland,FIN,2007,52.25896584351111
Finland,FIN,2008,52.85421473110958
Finland,FIN,2009,53.8914937122564
Finland,FIN,2010,54.70406002482922
Finland,FIN,2011,55.01628623691554
Finland,FIN,2012,55.148076479127454
Finland,FIN,2013,54.93168031293234
Finland,FIN,2014,54.64755757711502
Finland,FIN,2015,55.14737608398953
Finland,FIN,2016,55.77385680296881
Finland,FIN,2017,56.93830616449005
Finland,FIN,2018,57.833951835732286
Finland,FIN,2019,58.84791768891146
France,FRA,1978,37.51318647510408
France,FRA,1984,37.87460270387997
France,FRA,1989,38.12396916995502
France,FRA,1994,44.22806676281463
France,FRA,2000,44.37866816290895
France,FRA,2003,47.27195009294319
France,FRA,2004,48.04199330268364
France,FRA,2005,47.45438150959326
France,FRA,2006,46.81374781620801
France,FRA,2007,56.86454370589635
France,FRA,2008,57.36471300345493
France,FRA,2009,57.85508371996786
France,FRA,2010,58.10470623117353
France,FRA,2011,58.40797223193247
France,FRA,2012,57.90099589064064
France,FRA,2013,57.33944347630883
France,FRA,2014,57.99005214937648
France,FRA,2015,58.73825015707222
France,FRA,2016,58.9480439071769
France,FRA,2017,58.613710340071904
France,FRA,2018,59.5823293519654
Gabon,GAB,2005,8.769625218465736
Gabon,GAB,2017,12.336922828205422
Gambia,GMB,1998,1.929665247372252
Gambia,GMB,2003,3.305331500943841
Gambia,GMB,2010,4.421385513813035
Gambia,GMB,2015,5.099948171113328
Georgia,GEO,1996,8.194230670055893
Georgia,GEO,1997,5.607208222511876
Georgia,GEO,1998,5.754560292057112
Georgia,GEO,1999,4.969885611338748
Georgia,GEO,2000,4.787829087792953
Georgia,GEO,2001,4.577701775531635
Georgia,GEO,2002,5.840187092135498
Georgia,GEO,2003,5.779569038240361
Georgia,GEO,2004,5.979111369392055
Georgia,GEO,2005,5.8997714924807925
Georgia,GEO,2006,5.790452150858833
Georgia,GEO,2007,5.710500446438561
Georgia,GEO,2008,6.1720233487899705
Georgia,GEO,2009,6.117924779841352
Georgia,GEO,2010,6.08112595676428
Georgia,GEO,2011,6.302809736701037
Georgia,GEO,2012,6.764418117799645
Georgia,GEO,2013,7.425474060913418
Georgia,GEO,2014,7.756350918143217
Georgia,GEO,2015,7.826255547112259
Georgia,GEO,2016,7.890795773762697
Georgia,GEO,2017,8.13431550612101
Georgia,GEO,2018,7.967621647535308
Georgia,GEO,2019,7.974502133691227
Georgia,GEO,2020,7.255686608576338
Germany,DEU,1991,51.18557626921867
Germany,DEU,1992,52.01625900453188
Germany,DEU,1993,52.1280167690708
Germany,DEU,1994,50.98312970864339
Germany,DEU,1995,51.55948467865306
Germany,DEU,1996,51.97288988282692
Germany,DEU,1997,51.37969883431478
Germany,DEU,1998,53.04277933577536
Germany,DEU,1999,54.65317732482096
Germany,DEU,2000,55.556664152078255
Germany,DEU,2001,55.49178750779858
Germany,DEU,2002,56.484021635925664
Germany,DEU,2003,55.95446746797635
Germany,DEU,2004,56.65054147282991
Germany,DEU,2005,56.91019798104605
Germany,DEU,2006,57.243986818740815
Germany,DEU,2007,58.06527347723922
Germany,DEU,2008,57.79535076565724
Germany,DEU,2009,57.86112367721742
Germany,DEU,2010,58.16547563644114
Germany,DEU,2011,58.64450764527702
Germany,DEU,2012,58.35755030296711
Germany,DEU,2013,59.16249946597933
Germany,DEU,2014,58.67547467231653
Germany,DEU,2015,60.77057021024416
Germany,DEU,2016,62.06070353118061
Germany,DEU,2017,62.56114901205376
Germany,DEU,2018,64.68462061003831
Ghana,GHA,1987,2.028066909404045
Ghana,GHA,1988,2.082722656424129
Ghana,GHA,1991,1.9365203226335628
Ghana,GHA,1998,2.552948895939092
Ghana,GHA,2005,3.396712290835105
Ghana,GHA,2012,4.835679799171872
Ghana,GHA,2016,5.082205860290416
Greece,GRC,1995,28.22333851126923
Greece,GRC,2000,31.3905973130686
Greece,GRC,2003,36.23480610088949
Greece,GRC,2004,38.18925619393891
Greece,GRC,2005,38.6080972955259
Greece,GRC,2006,38.96313359619781
Greece,GRC,2007,40.09607393653289
Greece,GRC,2008,40.740541072334445
Greece,GRC,2009,41.3583672288459
Greece,GRC,2010,35.85592611994464
Greece,GRC,2011,29.75198648974705
Greece,GRC,2012,25.828055473396716
Greece,GRC,2013,24.66833463683785
Greece,GRC,2014,24.58120188411039
Greece,GRC,2015,24.98279604607037
Greece,GRC,2016,25.50895807172408
Greece,GRC,2017,25.89191754393972
Greece,GRC,2018,26.78905814439545
Greece,GRC,2019,28.479962275792303
Guatemala,GTM,1986,4.070833896142522
Guatemala,GTM,1989,6.052134731943971
Guatemala,GTM,1998,10.616796612380128
Guatemala,GTM,2000,11.81886170251733
Guatemala,GTM,2006,12.075462103113706
Guatemala,GTM,2014,9.400288583144071
Guinea,GIN,1991,1.054666249561716
Guinea,GIN,1994,3.89671732685458
Guinea,GIN,2002,2.882568811759259
Guinea,GIN,2007,3.033862747171144
Guinea,GIN,2012,3.8603374500702494
Guinea,GIN,2018,4.39816334604147
Guinea-Bissau,GNB,1993,3.607819735826447
Guinea-Bissau,GNB,2002,2.590980590654455
Guinea-Bissau,GNB,2010,2.592875108885463
Guinea-Bissau,GNB,2018,4.206295692692052
Guyana,GUY,1992,5.186656858841797
Guyana,GUY,1998,8.365285905336915
Haiti,HTI,2001,2.667502658250301
Haiti,HTI,2012,4.238259216320419
High income countries,,1990,44.03217204096869
High income countries,,1991,44.24812324433286
High income countries,,1992,44.59672241827886
High income countries,,1993,45.00275176112794
High income countries,,1994,45.81499960851664
High income countries,,1995,46.52547727286378
High income countries,,1996,47.396774833292575
High income countries,,1997,48.34879395342289
High income countries,,1998,49.37750817468435
High income countries,,1999,50.592327290865065
High income countries,,2000,51.80551143943456
High income countries,,2001,52.88454010416232
High income countries,,2002,53.14760066181286
High income countries,,2003,53.72606957865294
High income countries,,2004,54.16578264548164
High income countries,,2005,54.88560045498292
High income countries,,2006,55.988053979750326
High income countries,,2007,57.59330970047797
High income countries,,2008,56.7968109972778
High income countries,,2009,57.156419764834126
High income countries,,2010,56.9827017328477
High income countries,,2011,56.99829326058647
High income countries,,2012,56.69428081253351
High income countries,,2013,56.78090707410736
High income countries,,2014,57.23828651913775
High income countries,,2015,58.45910203005706
High income countries,,2016,60.211040277898256
High income countries,,2017,60.99467719067958
High income countries,,2018,62.85110394701145
High income countries,,2019,65.11071242239399
Honduras,HND,1989,5.54625651384072
Honduras,HND,1990,4.910070103691751
Honduras,HND,1991,5.458846482408215
Honduras,HND,1992,6.064210397574867
Honduras,HND,1993,7.259204630783725
Honduras,HND,1994,7.342814902148287
Honduras,HND,1995,7.194665515157349
Honduras,HND,1996,6.630369616216116
Honduras,HND,1997,8.009951025581595
Honduras,HND,1998,8.306100770263
Honduras,HND,1999,7.707395365522022
Honduras,HND,2001,10.103103569061826
Honduras,HND,2002,8.853268739915153
Honduras,HND,2003,8.334812316938795
Honduras,HND,2004,8.615842940480123
Honduras,HND,2005,9.40122113330107
Honduras,HND,2006,10.252420633925508
Honduras,HND,2007,11.104081728464816
Honduras,HND,2008,11.464481786585669
Honduras,HND,2009,11.26710979608655
Honduras,HND,2010,11.177390690992151
Honduras,HND,2011,10.746514077312543
Honduras,HND,2012,9.609441489734762
Honduras,HND,2013,9.594013832256431
Honduras,HND,2014,9.804357887959982
Honduras,HND,2015,9.720328192950255
Honduras,HND,2016,10.207126074348531
Honduras,HND,2017,10.056460127825762
Honduras,HND,2018,10.030732862349266
Honduras,HND,2019,10.123917922119764
Honduras - urban,,1986,3.882397515253104
Hungary,HUN,1987,21.47256236166216
Hungary,HUN,1989,10.24299118823436
Hungary,HUN,1991,19.120941660558977
Hungary,HUN,1993,15.836624810831257
Hungary,HUN,1994,17.247933914553435
Hungary,HUN,1998,12.615231924666546
Hungary,HUN,1999,12.797983405100242
Hungary,HUN,2000,13.002370870178432
Hungary,HUN,2001,14.84136561466618
Hungary,HUN,2002,15.158974603025555
Hungary,HUN,2003,16.93504114564327
Hungary,HUN,2004,17.599495928033864
Hungary,HUN,2005,17.959018458363644
Hungary,HUN,2006,17.737479578968667
Hungary,HUN,2007,18.160532251041868
Hungary,HUN,2008,20.353627656331007
Hungary,HUN,2009,19.39135440294696
Hungary,HUN,2010,20.17985782647457
Hungary,HUN,2011,20.40463819780582
Hungary,HUN,2012,19.311699688411743
Hungary,HUN,2013,19.98358242542288
Hungary,HUN,2014,21.00136476636831
Hungary,HUN,2015,22.04141914336955
Hungary,HUN,2016,23.00530440993773
Hungary,HUN,2017,24.188351056444528
Hungary,HUN,2018,25.938367221936208
Hungary,HUN,2019,28.268662920680395
Iceland,ISL,2003,47.62756046698859
Iceland,ISL,2004,48.70926915883965
Iceland,ISL,2005,50.8125171474826
Iceland,ISL,2006,58.23717060925299
Iceland,ISL,2007,61.51092105546558
Iceland,ISL,2008,64.09673458327981
Iceland,ISL,2009,53.80396531488968
Iceland,ISL,2010,47.763637042435576
Iceland,ISL,2011,47.73556270731305
Iceland,ISL,2012,48.729951813187256
Iceland,ISL,2013,49.79197113333546
Iceland,ISL,2014,52.53468751540803
Iceland,ISL,2015,56.094243197902
Iceland,ISL,2016,60.77154517321706
Iceland,ISL,2017,62.97519735963063
India,IND,1977,2.3237783001546464
India,IND,1983,2.4309953779481672
India,IND,1987,2.6674846421601703
India,IND,1993,2.747212057156349
India,IND,2004,3.168232720507748
India,IND,2009,3.512772710306834
India,IND,2011,4.071840433311364
India,IND,2015,4.17016734831622
India,IND,2016,4.222620989629716
India,IND,2017,4.679208100126673
India,IND,2018,4.951858993937419
India,IND,2019,5.127416385639043
India - rural,,1977,2.1346701581431744
India - rural,,1983,2.201192556277189
India - rural,,1987,2.435982219668525
India - rural,,1993,2.4560554567102444
India - rural,,2004,2.777127216568706
India - rural,,2009,2.9767122774905364
India - rural,,2011,3.492127999411629
India - rural,,2015,3.696956737898968
India - rural,,2016,3.744433745005401
India - rural,,2017,4.038744794130151
India - rural,,2018,4.33198455637836
India - rural,,2019,4.383085116902117
India - urban,,1977,2.993237949604026
India - urban,,1983,3.163556229454189
India - urban,,1987,3.368594808776894
India - urban,,1993,3.567722059358388
India - urban,,2004,4.130292993103392
India - urban,,2009,4.729288315700756
India - urban,,2011,5.345665643629778
India - urban,,2015,5.140684381962637
India - urban,,2016,5.18553809227221
India - urban,,2017,5.944885584701591
India - urban,,2018,6.153537413948127
India - urban,,2019,6.542319476664354
Indonesia,IDN,1984,1.8575785331849517
Indonesia,IDN,1987,1.877260720892
Indonesia,IDN,1990,2.288902151619896
Indonesia,IDN,1993,2.337170608833146
Indonesia,IDN,1996,2.8032335704371776
Indonesia,IDN,1998,2.072307805525557
Indonesia,IDN,1999,2.830434567981299
Indonesia,IDN,2000,2.792321922602945
Indonesia,IDN,2001,2.94606695086999
Indonesia,IDN,2002,3.657981664153077
Indonesia,IDN,2003,3.719512046031653
Indonesia,IDN,2004,3.704674200383424
Indonesia,IDN,2005,3.87260828966584
Indonesia,IDN,2006,3.6349541131641656
Indonesia,IDN,2007,4.106950651821103
Indonesia,IDN,2008,4.125269573055347
Indonesia,IDN,2009,4.3094575530053705
Indonesia,IDN,2010,4.811744965886271
Indonesia,IDN,2011,5.387134343646096
Indonesia,IDN,2012,5.543566813404903
Indonesia,IDN,2013,5.871152657681968
Indonesia,IDN,2014,6.043049409765082
Indonesia,IDN,2015,6.364767974535139
Indonesia,IDN,2016,6.623537530444491
Indonesia,IDN,2017,6.9693782034590495
Indonesia,IDN,2018,7.276979786101236
Indonesia,IDN,2019,7.337232093514835
Indonesia,IDN,2020,7.507234046287323
Indonesia,IDN,2021,7.631991203801066
Indonesia - rural,,1984,1.559200980160667
Indonesia - rural,,1987,1.6228545606025977
Indonesia - rural,,1990,1.891335935870796
Indonesia - rural,,1993,1.8606640970916335
Indonesia - rural,,1996,2.151057164835679
Indonesia - rural,,1998,1.654049863083169
Indonesia - rural,,1999,2.273423670820603
Indonesia - rural,,2000,2.3317837551399143
Indonesia - rural,,2001,2.3914846326679298
Indonesia - rural,,2002,2.8122565800446035
Indonesia - rural,,2003,2.8352045826722674
Indonesia - rural,,2004,2.786649138665118
Indonesia - rural,,2005,2.962916087786041
Indonesia - rural,,2006,2.7484301124944994
Indonesia - rural,,2007,3.0872910811412475
Indonesia - rural,,2008,3.166407730985199
Indonesia - rural,,2009,3.3239010368756805
Indonesia - rural,,2010,3.742682120880628
Indonesia - rural,,2011,4.154042412416373
Indonesia - rural,,2012,4.193751470867165
Indonesia - rural,,2013,4.36603259361175
Indonesia - rural,,2014,4.608321741576221
Indonesia - rural,,2015,4.988661000152882
Indonesia - rural,,2016,5.151777430388985
Indonesia - rural,,2017,5.456814140934602
Indonesia - rural,,2018,5.76083552861869
Indonesia - rural,,2019,5.824023298789949
Indonesia - rural,,2020,5.978186816022285
Indonesia - rural,,2021,6.136088000443796
Indonesia - urban,,1984,2.741175131313444
Indonesia - urban,,1987,2.536833942658415
Indonesia - urban,,1990,3.191251621198022
Indonesia - urban,,1993,3.2701130850795623
Indonesia - urban,,1996,3.902571623760759
Indonesia - urban,,1998,2.710443520678248
Indonesia - urban,,1999,3.638914194069029
Indonesia - urban,,2000,3.4282509827869374
Indonesia - urban,,2001,3.687752580712204
Indonesia - urban,,2002,4.753417715825295
Indonesia - urban,,2003,4.828863753802667
Indonesia - urban,,2004,4.819972279456239
Indonesia - urban,,2005,4.943004471573849
Indonesia - urban,,2006,4.645225018348052
Indonesia - urban,,2007,5.232362220605121
Indonesia - urban,,2008,5.150191413074394
Indonesia - urban,,2009,5.329755467920433
Indonesia - urban,,2010,5.884491715701168
Indonesia - urban,,2011,6.591223818698395
Indonesia - urban,,2012,6.826202015307282
Indonesia - urban,,2013,7.263001244924875
Indonesia - urban,,2014,7.334127129777659
Indonesia - urban,,2015,7.569845650103855
Indonesia - urban,,2016,7.877814405571401
Indonesia - urban,,2017,8.224087717194756
Indonesia - urban,,2018,8.501267991123555
Indonesia - urban,,2019,8.526905841575184
Indonesia - urban,,2020,8.677728194085654
Indonesia - urban,,2021,8.747195011473243
Iran,IRN,1986,9.694025002109289
Iran,IRN,1990,8.651049205316982
Iran,IRN,1994,9.983241373803844
Iran,IRN,1998,10.76657035858901
Iran,IRN,2005,16.56608682739373
Iran,IRN,2006,17.03464257738735
Iran,IRN,2009,16.42055185945542
Iran,IRN,2013,15.321325072045092
Iran,IRN,2014,15.08741486426294
Iran,IRN,2015,15.080485952292705
Iran,IRN,2016,15.306142134615406
Iran,IRN,2017,16.173660869801335
Iran,IRN,2018,16.022724153536405
Iran,IRN,2019,14.072054492996866
Iraq,IRQ,2006,10.675802582695654
Iraq,IRQ,2012,11.300911040589044
Ireland,IRL,1987,19.563631864432388
Ireland,IRL,1994,28.518595563725675
Ireland,IRL,1995,29.43430846584792
Ireland,IRL,1996,30.83506788608145
Ireland,IRL,2000,38.549555872870855
Ireland,IRL,2002,42.43546481754409
Ireland,IRL,2003,43.53835493104856
Ireland,IRL,2004,45.21080868866595
Ireland,IRL,2005,47.47798885723331
Ireland,IRL,2006,50.62860393545724
Ireland,IRL,2007,50.268029546646055
Ireland,IRL,2008,46.431736144176085
Ireland,IRL,2009,45.69247305029552
Ireland,IRL,2010,43.9258044384848
Ireland,IRL,2011,42.74764214255711
Ireland,IRL,2012,43.07287718061836
Ireland,IRL,2013,42.977867923937765
Ireland,IRL,2014,45.091102717784
Ireland,IRL,2015,46.50302665362049
Ireland,IRL,2016,49.68336341619021
Ireland,IRL,2017,52.798003523045
Ireland,IRL,2018,54.05260185742255
Israel,ISR,1979,20.438842406672965
Israel,ISR,1986,20.315108251763185
Israel,ISR,1992,24.059276648469584
Israel,ISR,1997,25.099515979912105
Israel,ISR,2001,28.62272020826471
Israel,ISR,2002,25.67396394198759
Israel,ISR,2003,26.53658242371704
Israel,ISR,2004,27.618943618561644
Israel,ISR,2005,28.891790710857727
Israel,ISR,2006,29.442719589279825
Israel,ISR,2007,30.882460255713863
Israel,ISR,2008,31.69686088163512
Israel,ISR,2009,31.740147816327397
Israel,ISR,2010,32.49524011798314
Israel,ISR,2011,32.35995271290522
Israel,ISR,2012,34.30668008457808
Israel,ISR,2013,35.63148362725262
Israel,ISR,2014,36.1902236064497
Israel,ISR,2015,37.30196444082655
Israel,ISR,2016,37.8014168443144
Israel,ISR,2017,39.45939851725618
Israel,ISR,2018,40.959500971215256
Italy,ITA,1986,30.783948376864075
Italy,ITA,1987,33.66523486128143
Italy,ITA,1989,37.79882583271525
Italy,ITA,1991,37.80574824039626
Italy,ITA,1993,36.03747451482215
Italy,ITA,1995,35.10138842389034
Italy,ITA,1998,38.039927404282246
Italy,ITA,2000,38.77048344273258
Italy,ITA,2003,47.617977490883725
Italy,ITA,2004,48.988272614409446
Italy,ITA,2005,48.22957202050018
Italy,ITA,2006,49.16031292689513
Italy,ITA,2007,49.46439700793264
Italy,ITA,2008,48.7478145622979
Italy,ITA,2009,49.284241870983664
Italy,ITA,2010,48.38909210463131
Italy,ITA,2011,47.66745525796311
Italy,ITA,2012,45.516342250660905
Italy,ITA,2013,44.99789103338273
Italy,ITA,2014,44.80750377099663
Italy,ITA,2015,45.92574070402922
Italy,ITA,2016,47.02356974220828
Italy,ITA,2017,47.84581892880183
Italy,ITA,2018,48.04954975093373
Jamaica,JAM,1988,10.263722086040389
Jamaica,JAM,1990,9.575710622514508
Jamaica,JAM,1993,6.769939725573108
Jamaica,JAM,1996,10.351951789395658
Jamaica,JAM,1999,13.94051218850561
Jamaica,JAM,2002,15.250262983554617
Jamaica,JAM,2004,15.20578856491706
Japan,JPN,2008,42.96823695227018
Japan,JPN,2010,51.81441657724893
Japan,JPN,2013,49.75940779067486
Jordan,JOR,1986,17.092538352827777
Jordan,JOR,1992,13.429600273774035
Jordan,JOR,1997,11.687688423999692
Jordan,JOR,2002,13.742804920937072
Jordan,JOR,2006,15.085861643526618
Jordan,JOR,2008,15.060466029521438
Jordan,JOR,2010,16.924390371835504
Kazakhstan,KAZ,1993,6.021820552357326
Kazakhstan,KAZ,1996,6.4223873177322925
Kazakhstan,KAZ,2001,5.579557845914472
Kazakhstan,KAZ,2002,5.897024409815723
Kazakhstan,KAZ,2003,6.340362297498647
Kazakhstan,KAZ,2004,6.715832890464671
Kazakhstan,KAZ,2005,7.344751774629941
Kazakhstan,KAZ,2006,8.211945007494602
Kazakhstan,KAZ,2007,9.516655759237072
Kazakhstan,KAZ,2008,9.45971551363502
Kazakhstan,KAZ,2009,9.335916615237236
Kazakhstan,KAZ,2010,9.928318527020966
Kazakhstan,KAZ,2011,11.784867103225196
Kazakhstan,KAZ,2012,11.99263326604454
Kazakhstan,KAZ,2013,12.570521166182369
Kazakhstan,KAZ,2014,12.284417163074282
Kazakhstan,KAZ,2015,11.724288837430448
Kazakhstan,KAZ,2016,10.84045243738996
Kazakhstan,KAZ,2017,11.666905122092595
Kazakhstan,KAZ,2018,12.42641287786648
Kenya,KEN,1992,7.052734619935822
Kenya,KEN,1994,4.722734650919603
Kenya,KEN,1997,5.083878458210025
Kenya,KEN,2005,4.147760645418826
Kenya,KEN,2015,4.246111291134207
Kiribati,KIR,2006,5.549196824836422
Kiribati,KIR,2019,6.265334310119664
Kosovo,OWID_KOS,2003,6.272994642703739
Kosovo,OWID_KOS,2005,6.457044830387265
Kosovo,OWID_KOS,2006,6.342524136237245
Kosovo,OWID_KOS,2009,7.254175943186399
Kosovo,OWID_KOS,2010,7.524888182553603
Kosovo,OWID_KOS,2011,7.255641241886894
Kosovo,OWID_KOS,2012,8.682334848276831
Kosovo,OWID_KOS,2013,8.773467607343983
Kosovo,OWID_KOS,2014,8.761588049057142
Kosovo,OWID_KOS,2015,9.126697876759152
Kosovo,OWID_KOS,2016,9.245114672535326
Kosovo,OWID_KOS,2017,9.534210968881824
Kyrgyzstan,KGZ,1998,5.003460543718156
Kyrgyzstan,KGZ,2000,3.0150547847517903
Kyrgyzstan,KGZ,2001,3.191317796249381
Kyrgyzstan,KGZ,2002,3.273050063653788
Kyrgyzstan,KGZ,2003,3.4407746823692595
Kyrgyzstan,KGZ,2004,5.133828879438925
Kyrgyzstan,KGZ,2005,4.589301416290875
Kyrgyzstan,KGZ,2006,6.024228438238373
Kyrgyzstan,KGZ,2007,5.724117846114049
Kyrgyzstan,KGZ,2008,6.428830389419501
Kyrgyzstan,KGZ,2009,6.56383350207377
Kyrgyzstan,KGZ,2010,6.252797180731202
Kyrgyzstan,KGZ,2011,6.2348649642391045
Kyrgyzstan,KGZ,2012,6.020489755125522
Kyrgyzstan,KGZ,2013,5.934479842105373
Kyrgyzstan,KGZ,2014,6.201908871498896
Kyrgyzstan,KGZ,2015,6.09940296144918
Kyrgyzstan,KGZ,2016,6.220694778112377
Kyrgyzstan,KGZ,2017,6.263398124799068
Kyrgyzstan,KGZ,2018,6.694446610759711
Kyrgyzstan,KGZ,2019,7.09216191224499
Kyrgyzstan,KGZ,2020,6.453587246912237
Laos,LAO,1992,3.940381502944552
Laos,LAO,1997,3.0139634243478404
Laos,LAO,2002,3.7089078995752143
Laos,LAO,2007,4.248129829520903
Laos,LAO,2012,5.410251563033278
Laos,LAO,2018,6.52131186887857
Latin America and the Caribbean,,1990,10.77532175999032
Latin America and the Caribbean,,1991,10.69875913468945
Latin America and the Caribbean,,1992,10.344155443147963
Latin America and the Caribbean,,1993,11.00940041193075
Latin America and the Caribbean,,1994,11.604522271544788
Latin America and the Caribbean,,1995,11.699891343130597
Latin America and the Caribbean,,1996,11.466051781903248
Latin America and the Caribbean,,1997,11.811248030706489
Latin America and the Caribbean,,1998,12.091574735320492
Latin America and the Caribbean,,1999,11.727637086588915
Latin America and the Caribbean,,2000,12.287695990428222
Latin America and the Caribbean,,2001,12.333254354596466
Latin America and the Caribbean,,2002,12.179253520355926
Latin America and the Caribbean,,2003,12.238383370510975
Latin America and the Caribbean,,2004,12.552758784610658
Latin America and the Caribbean,,2005,13.218953921495835
Latin America and the Caribbean,,2006,14.224986374242098
Latin America and the Caribbean,,2007,14.732349163569651
Latin America and the Caribbean,,2008,15.173747234868015
Latin America and the Caribbean,,2009,15.183284313625313
Latin America and the Caribbean,,2010,15.68814278163247
Latin America and the Caribbean,,2011,16.307717991868397
Latin America and the Caribbean,,2012,16.98231108459843
Latin America and the Caribbean,,2013,17.419981728923105
Latin America and the Caribbean,,2014,17.459491472458968
Latin America and the Caribbean,,2015,17.689099387753696
Latin America and the Caribbean,,2016,17.866520878794304
Latin America and the Caribbean,,2017,18.04467945514143
Latin America and the Caribbean,,2018,18.232910018208067
Latin America and the Caribbean,,2019,18.27384503804085
Latvia,LVA,1993,8.8446522532393
Latvia,LVA,1995,10.475384281546196
Latvia,LVA,1996,10.16739232782914
Latvia,LVA,1997,10.019502098171383
Latvia,LVA,1998,10.21771569481894
Latvia,LVA,2002,13.78553598584404
Latvia,LVA,2003,15.725537849331715
Latvia,LVA,2004,15.709410725879597
Latvia,LVA,2005,15.965243749701688
Latvia,LVA,2006,18.955544880045288
Latvia,LVA,2007,22.095916427062328
Latvia,LVA,2008,22.10655059274297
Latvia,LVA,2009,17.99240813852126
Latvia,LVA,2010,18.68600832313117
Latvia,LVA,2011,19.09056458815227
Latvia,LVA,2012,19.61079998497494
Latvia,LVA,2013,21.707752178319392
Latvia,LVA,2014,23.79252180230353
Latvia,LVA,2015,25.56773304483246
Latvia,LVA,2016,26.854511971381463
Latvia,LVA,2017,29.116701763941062
Latvia,LVA,2018,31.70387357877397
Latvia,LVA,2019,32.93046066973378
Lebanon,LBN,2011,30.7860781639003
Lesotho,LSO,1986,3.473857287416035
Lesotho,LSO,1994,4.320953654843144
Lesotho,LSO,2002,2.2633884841632708
Lesotho,LSO,2017,4.643397074612785
Liberia,LBR,2007,2.5444844634565444
Liberia,LBR,2014,3.850347437217101
Liberia,LBR,2016,3.883071562756228
Lithuania,LTU,1993,5.868682775718577
Lithuania,LTU,1996,11.52252972733762
Lithuania,LTU,1998,12.266061827459572
Lithuania,LTU,1999,12.111882319874372
Lithuania,LTU,2000,11.413488683932028
Lithuania,LTU,2001,11.358331391276897
Lithuania,LTU,2002,11.346375823169526
Lithuania,LTU,2003,15.62050078804579
Lithuania,LTU,2004,16.191158769352278
Lithuania,LTU,2005,16.337476983106566
Lithuania,LTU,2006,20.34671057300269
Lithuania,LTU,2007,24.143221844296537
Lithuania,LTU,2008,20.90528218006382
Lithuania,LTU,2009,21.418566896998477
Lithuania,LTU,2010,19.270519355405412
Lithuania,LTU,2011,21.071733103508524
Lithuania,LTU,2012,22.689078060716177
Lithuania,LTU,2013,23.69974214908742
Lithuania,LTU,2014,25.89347188392617
Lithuania,LTU,2015,28.506914402963613
Lithuania,LTU,2016,30.49774162543405
Lithuania,LTU,2017,32.4766505394043
Lithuania,LTU,2018,34.874474178028805
Lithuania,LTU,2019,38.38724548734815
Luxembourg,LUX,1985,39.808822825172506
Luxembourg,LUX,1991,57.25604757346107
Luxembourg,LUX,1994,61.75331945665472
Luxembourg,LUX,1997,65.27185038876506
Luxembourg,LUX,2000,71.85051708089284
Luxembourg,LUX,2003,75.69985051818665
Luxembourg,LUX,2004,77.74665303329384
Luxembourg,LUX,2005,80.36772001369403
Luxembourg,LUX,2006,79.43602797709646
Luxembourg,LUX,2007,80.47451708391684
Luxembourg,LUX,2008,80.23249498143784
Luxembourg,LUX,2009,79.94182887678261
Luxembourg,LUX,2010,78.43689870249483
Luxembourg,LUX,2011,77.52160101821909
Luxembourg,LUX,2012,78.58542901095639
Luxembourg,LUX,2013,78.07041111505093
Luxembourg,LUX,2014,78.79975133514868
Luxembourg,LUX,2015,73.59554410856646
Luxembourg,LUX,2016,79.74072883601235
Luxembourg,LUX,2017,79.89680103459195
Luxembourg,LUX,2018,83.90756475434866
Luxembourg,LUX,2019,84.45368822352425
Madagascar,MDG,1980,3.3239705525425287
Madagascar,MDG,1993,2.103577464777267
Madagascar,MDG,1997,2.012588425180625
Madagascar,MDG,1999,2.05339128248074
Madagascar,MDG,2001,2.0861560772395613
Madagascar,MDG,2005,1.946634734291536
Madagascar,MDG,2010,1.6936436412452671
Madagascar,MDG,2012,1.590663091386053
Malawi,MWI,1997,4.615166384374917
Malawi,MWI,2004,2.188526150815209
Malawi,MWI,2010,2.2742375914764725
Malawi,MWI,2016,2.500018510668767
Malawi,MWI,2019,2.069362685548044
Malaysia,MYS,1984,13.243454984465364
Malaysia,MYS,1987,12.70191856418256
Malaysia,MYS,1989,12.494814990011514
Malaysia,MYS,1992,13.867934418244944
Malaysia,MYS,1995,14.428523058220826
Malaysia,MYS,1997,17.983915551138825
Malaysia,MYS,2003,16.595553104652986
Malaysia,MYS,2006,18.103272629739656
Malaysia,MYS,2008,18.89839630508695
Malaysia,MYS,2011,23.16990863846817
Malaysia,MYS,2013,26.4157842198705
Malaysia,MYS,2015,29.363651616940796
Maldives,MDV,2002,7.056232566273898
Maldives,MDV,2009,8.724323014018216
Maldives,MDV,2016,19.446727512341145
Maldives,MDV,2019,18.690467075708995
Mali,MLI,1994,1.4234778984253724
Mali,MLI,2001,2.5940828317602427
Mali,MLI,2006,2.917041478104032
Mali,MLI,2009,2.7623889250428
Mali,MLI,2018,4.977365433463381
Malta,MLT,2006,34.66970111500234
Malta,MLT,2007,37.788588472966175
Malta,MLT,2008,38.76951178655457
Malta,MLT,2009,38.02568499089183
Malta,MLT,2010,38.50439011648173
Malta,MLT,2011,39.28612459943863
Malta,MLT,2012,40.69434813812018
Malta,MLT,2013,42.88144775227951
Malta,MLT,2014,45.4091025989292
Malta,MLT,2015,45.62878576445193
Malta,MLT,2016,48.51731384699712
Malta,MLT,2017,48.8523255449649
Malta,MLT,2018,50.07541838288383
Malta,MLT,2019,54.54950696026639
Marshall Islands,MHL,2019,11.588669330951433
Mauritania,MRT,1987,3.446414517608084
Mauritania,MRT,1993,4.004766672173142
Mauritania,MRT,1995,4.555173074477952
Mauritania,MRT,2000,4.877413605563532
Mauritania,MRT,2004,5.0305445926877566
Mauritania,MRT,2008,5.764205667090939
Mauritania,MRT,2014,6.306488486156948
Mauritius,MUS,2006,13.17084001513476
Mauritius,MUS,2012,14.941819579445454
Mauritius,MUS,2017,16.50926276551898
Mexico,MEX,1984,9.872880166281098
Mexico,MEX,1989,10.31588403466776
Mexico,MEX,1992,12.260046723937654
Mexico,MEX,1994,12.577674337424726
Mexico,MEX,1996,8.5065985690536
Mexico,MEX,1998,9.949058861964527
Mexico,MEX,2000,12.017591731371883
Mexico,MEX,2002,12.008313569207278
Mexico,MEX,2004,12.85880596236724
Mexico,MEX,2005,13.05849330953005
Mexico,MEX,2006,13.755319105567777
Mexico,MEX,2008,13.971517982872692
Mexico,MEX,2010,13.022330296845066
Mexico,MEX,2012,14.08143173474784
Mexico,MEX,2014,13.41283602794627
Mexico,MEX,2016,14.360001876232577
Mexico,MEX,2018,14.67307356140417
Mexico,MEX,2020,13.972700796946166
Micronesia (country),FSM,2005,7.991033578370015
Micronesia (country),FSM,2013,5.55710422702743
Micronesia (country) - urban,,2000,5.601826763242151
Middle East and North Africa,,1990,7.531988752468405
Middle East and North Africa,,1991,7.347497416373928
Middle East and North Africa,,1992,7.608590869315307
Middle East and North Africa,,1993,7.729699348347717
Middle East and North Africa,,1994,7.658934659446674
Middle East and North Africa,,1995,7.466558409705168
Middle East and North Africa,,1996,7.603448231996789
Middle East and North Africa,,1997,7.833775786612665
Middle East and North Africa,,1998,8.27751197490336
Middle East and North Africa,,1999,8.506827753955797
Middle East and North Africa,,2000,8.903595822615632
Middle East and North Africa,,2001,9.060720897755818
Middle East and North Africa,,2003,9.034945471714062
Middle East and North Africa,,2004,9.671095765178718
Middle East and North Africa,,2005,10.048384628669712
Middle East and North Africa,,2006,10.161850447251071
Middle East and North Africa,,2007,10.552206875230665
Middle East and North Africa,,2008,10.558924505258837
Middle East and North Africa,,2009,10.559045066846108
Middle East and North Africa,,2010,10.791366807422758
Middle East and North Africa,,2011,11.03841169211631
Middle East and North Africa,,2012,10.903356867092542
Middle East and North Africa,,2013,10.869455248241978
Middle East and North Africa,,2014,10.680816076241369
Middle East and North Africa,,2015,10.542712185673452
Middle East and North Africa,,2016,10.693383207544706
Middle East and North Africa,,2017,10.743257814782456
Middle East and North Africa,,2018,10.5922918192961
Moldova,MDA,1997,5.520968145097376
Moldova,MDA,1998,4.536275957056669
Moldova,MDA,1999,3.9722411867477354
Moldova,MDA,2000,3.678195110372692
Moldova,MDA,2001,4.376848143326093
Moldova,MDA,2002,5.393788158351831
Moldova,MDA,2003,6.438566963481449
Moldova,MDA,2004,6.325615970323154
Moldova,MDA,2005,5.720203652328698
Moldova,MDA,2006,9.727035017254936
Moldova,MDA,2007,10.99757835750002
Moldova,MDA,2008,10.72481967507328
Moldova,MDA,2009,10.706347028420083
Moldova,MDA,2010,10.93581038009891
Moldova,MDA,2011,11.217984008669148
Moldova,MDA,2012,10.957043570552004
Moldova,MDA,2013,11.721873499639486
Moldova,MDA,2014,11.427106723843105
Moldova,MDA,2015,11.800105074962367
Moldova,MDA,2016,11.455085671654084
Moldova,MDA,2017,11.499221684304072
Moldova,MDA,2018,11.911888295278828
Moldova,MDA,2019,12.118137177930876
Mongolia,MNG,1995,5.019216185321238
Mongolia,MNG,1998,3.361073455783792
Mongolia,MNG,2002,5.2630764702999695
Mongolia,MNG,2007,8.621148403062016
Mongolia,MNG,2010,8.489446333103917
Mongolia,MNG,2011,9.344673269150547
Mongolia,MNG,2012,10.748544572956432
Mongolia,MNG,2014,11.208647630628144
Mongolia,MNG,2016,9.276319261152215
Mongolia,MNG,2018,9.862877147570664
Montenegro,MNE,2005,14.561747925220503
Montenegro,MNE,2006,15.071901085027203
Montenegro,MNE,2007,18.54024505293295
Montenegro,MNE,2008,19.49541238669061
Montenegro,MNE,2009,19.12731720765774
Montenegro,MNE,2010,17.2913355085045
Montenegro,MNE,2011,17.025528726565273
Montenegro,MNE,2012,15.971090480464298
Montenegro,MNE,2013,16.237040513108965
Montenegro,MNE,2014,17.05691785645634
Montenegro,MNE,2015,16.20393694402199
Montenegro,MNE,2016,17.702025109815903
Montenegro,MNE,2017,17.451575509072132
Montenegro,MNE,2018,16.971309878115783
Morocco,MAR,1984,5.781920580696776
Morocco,MAR,1990,7.7640232969796035
Morocco,MAR,1998,6.654839821481732
Morocco,MAR,2000,6.841507799455135
Morocco,MAR,2006,8.266075426072835
Morocco,MAR,2013,10.565215796051712
Mozambique,MOZ,1996,1.5871943028143178
Mozambique,MOZ,2002,1.7691997846529026
Mozambique,MOZ,2008,2.1233397892895285
Mozambique,MOZ,2014,2.869371136895705
Myanmar,MMR,2015,6.41480155987539
Myanmar,MMR,2017,6.579838941798488
Namibia,NAM,1993,7.14408210598575
Namibia,NAM,2003,7.186804790980439
Namibia,NAM,2009,8.06187475024299
Namibia,NAM,2015,11.65441382887586
Nauru,NRU,2012,8.392614614169155
Nepal,NPL,1984,2.033791785593824
Nepal,NPL,1995,2.6057319851770493
Nepal,NPL,2003,3.784307852369592
Nepal,NPL,2010,5.193471280501068
Netherlands,NLD,1983,35.16730413444932
Netherlands,NLD,1987,38.245468545690215
Netherlands,NLD,1990,46.998018550375
Netherlands,NLD,1993,43.3458551537268
Netherlands,NLD,1999,51.06899896476821
Netherlands,NLD,2004,51.45784355704407
Netherlands,NLD,2005,52.006893216936525
Netherlands,NLD,2006,55.24142231916501
Netherlands,NLD,2007,57.88179702045223
Netherlands,NLD,2008,57.80914201887416
Netherlands,NLD,2009,56.97171533645812
Netherlands,NLD,2010,56.274335659424594
Netherlands,NLD,2011,55.62569262443304
Netherlands,NLD,2012,54.85406911584186
Netherlands,NLD,2013,53.74407883124676
Netherlands,NLD,2014,54.61727552821473
Netherlands,NLD,2015,57.87780128516396
Netherlands,NLD,2016,59.79713184279456
Netherlands,NLD,2017,60.27203206855226
Netherlands,NLD,2018,60.400482534454575
Netherlands,NLD,2019,62.71479775097816
Nicaragua,NIC,1993,6.203242035197827
Nicaragua,NIC,1998,6.096473625262755
Nicaragua,NIC,2001,5.589559230290075
Nicaragua,NIC,2005,5.528620120368389
Nicaragua,NIC,2009,8.542108153027986
Nicaragua,NIC,2014,11.715201078974816
Niger,NER,1992,1.5349426898200065
Niger,NER,1994,1.3391924440679452
Niger,NER,2005,1.7145740128927465
Niger,NER,2007,1.7935168647780757
Niger,NER,2011,2.319352358061043
Niger,NER,2014,2.553733972187352
Niger,NER,2018,2.851581230488601
Nigeria,NGA,1985,2.9009601681868284
Nigeria,NGA,1992,2.860375903214369
Nigeria,NGA,1996,2.9201884119772084
Nigeria,NGA,2003,2.916659218646066
Nigeria,NGA,2010,3.499538753541971
Nigeria,NGA,2012,3.5503323401056583
Nigeria,NGA,2015,3.677048562638487
Nigeria,NGA,2018,3.655930118872021
North Macedonia,MKD,1998,8.570683085770986
North Macedonia,MKD,2000,7.587672589801143
North Macedonia,MKD,2002,12.628211964931
North Macedonia,MKD,2003,12.344030878976527
North Macedonia,MKD,2004,15.421479973856725
North Macedonia,MKD,2005,13.291702501331558
North Macedonia,MKD,2006,13.701883921366273
North Macedonia,MKD,2008,18.35912461305888
North Macedonia,MKD,2009,10.458095896884728
North Macedonia,MKD,2010,10.451988015246542
North Macedonia,MKD,2011,10.804685735441108
North Macedonia,MKD,2012,10.866773810024764
North Macedonia,MKD,2013,10.869774684756791
North Macedonia,MKD,2014,11.57467711388066
North Macedonia,MKD,2015,12.07799929608004
North Macedonia,MKD,2016,12.803064000402102
North Macedonia,MKD,2017,13.330494573967368
North Macedonia,MKD,2018,13.685348270697364
Norway,NOR,1979,28.44492616651418
Norway,NOR,1986,37.93880981659483
Norway,NOR,1991,40.249324717194966
Norway,NOR,1995,40.84078820390205
Norway,NOR,2000,49.768483222848765
Norway,NOR,2003,52.96571794548799
Norway,NOR,2004,55.96726770316515
Norway,NOR,2005,57.34358583066106
Norway,NOR,2006,55.09024014918986
Norway,NOR,2007,60.8891645839764
Norway,NOR,2008,63.07310597527003
Norway,NOR,2009,63.13854735620978
Norway,NOR,2010,63.32950085203444
Norway,NOR,2011,66.44731577197577
Norway,NOR,2012,67.978525000949
Norway,NOR,2013,71.3391792951795
Norway,NOR,2014,72.47337589885875
Norway,NOR,2015,73.34283530658016
Norway,NOR,2016,72.97291787689511
Norway,NOR,2017,71.55344601303854
Norway,NOR,2018,72.11624791928836
Norway,NOR,2019,74.05884179586266
Pakistan,PAK,1987,2.1360780242604944
Pakistan,PAK,1990,2.170585570577909
Pakistan,PAK,1996,3.496952970928527
Pakistan,PAK,1998,3.4788664327278918
Pakistan,PAK,2001,3.0904585143273717
Pakistan,PAK,2004,3.7691585129450274
Pakistan,PAK,2005,3.797387990345182
Pakistan,PAK,2007,3.978158310086543
Pakistan,PAK,2010,4.29279556085064
Pakistan,PAK,2011,4.394213941191012
Pakistan,PAK,2013,4.675928443399354
Pakistan,PAK,2015,5.1150097558431655
Pakistan,PAK,2018,4.975486051882822
Palestine,PSE,2004,12.858360517557209
Palestine,PSE,2005,13.402978944526987
Palestine,PSE,2006,13.433588853596788
Palestine,PSE,2007,12.362346802863373
Palestine,PSE,2009,14.173010443515984
Palestine,PSE,2010,14.30144731894928
Palestine,PSE,2011,14.273265593313194
Palestine,PSE,2016,13.825652817218726
Panama,PAN,1979,13.471625469990764
Panama,PAN,1989,11.861152760241811
Panama,PAN,1991,12.67285735326262
Panama,PAN,1995,16.186101321044152
Panama,PAN,1997,16.775406320123484
Panama,PAN,1998,16.06340798809171
Panama,PAN,1999,16.877185715536314
Panama,PAN,2000,17.932036335590844
Panama,PAN,2001,15.780429604099847
Panama,PAN,2002,17.242831957250957
Panama,PAN,2003,17.540106848237865
Panama,PAN,2004,17.854127740642447
Panama,PAN,2005,17.6214345416079
Panama,PAN,2006,17.849952091367292
Panama,PAN,2007,18.65563418996833
Panama,PAN,2008,22.480271694040603
Panama,PAN,2009,22.54144582838141
Panama,PAN,2010,23.08212260950621
Panama,PAN,2011,25.549213740621717
Panama,PAN,2012,25.85872688356289
Panama,PAN,2013,26.787372968520284
Panama,PAN,2014,26.9111563011063
Panama,PAN,2015,29.39591716407188
Panama,PAN,2016,30.892590173226893
Panama,PAN,2017,30.720894622311203
Panama,PAN,2018,32.38716722908137
Panama,PAN,2019,33.49604988510779
Papua New Guinea,PNG,1996,3.0309285539688946
Papua New Guinea,PNG,2009,3.4707556014011898
Paraguay,PRY,1990,15.836164266908646
Paraguay,PRY,1995,14.909173986628726
Paraguay,PRY,1997,16.009048868592576
Paraguay,PRY,1999,14.555071771791347
Paraguay,PRY,2001,14.844879299832323
Paraguay,PRY,2002,12.03621245986414
Paraguay,PRY,2003,13.633398525564203
Paraguay,PRY,2004,13.338382231288504
Paraguay,PRY,2005,14.012986667345048
Paraguay,PRY,2006,13.079267224190769
Paraguay,PRY,2007,14.010470667333486
Paraguay,PRY,2008,14.569552907960416
Paraguay,PRY,2009,14.163758788419848
Paraguay,PRY,2010,15.420182913407592
Paraguay,PRY,2011,16.98573784628035
Paraguay,PRY,2012,16.868289725986884
Paraguay,PRY,2013,18.84757148488297
Paraguay,PRY,2014,20.109122285537858
Paraguay,PRY,2015,19.008782609712505
Paraguay,PRY,2016,18.43331947804325
Paraguay,PRY,2017,19.4121315865301
Paraguay,PRY,2018,19.234014899119437
Paraguay,PRY,2019,19.46001796882523
Paraguay,PRY,2020,17.204100787045963
Peru,PER,1985,13.339256855358544
Peru,PER,1994,6.4859904730049145
Peru,PER,1997,8.548256906502885
Peru,PER,1998,8.972408518059954
Peru,PER,1999,8.7593151977797
Peru,PER,2000,7.718007382877758
Peru,PER,2001,7.794015996523343
Peru,PER,2002,8.998949433972422
Peru,PER,2003,9.33361124381104
Peru,PER,2004,8.499006764509122
Peru,PER,2005,8.130909331311013
Peru,PER,2006,9.151077335890433
Peru,PER,2007,10.284409435098032
Peru,PER,2008,10.66945534884767
Peru,PER,2009,11.132867885628182
Peru,PER,2010,11.649760771590431
Peru,PER,2011,12.040680533306857
Peru,PER,2012,12.700301451529487
Peru,PER,2013,12.82167486200062
Peru,PER,2014,12.906350643755555
Peru,PER,2015,13.010905594758604
Peru,PER,2016,13.45174127385942
Peru,PER,2017,13.282298520400952
Peru,PER,2018,13.642750565488862
Peru,PER,2019,13.838712266955438
Peru,PER,2020,10.92407156750515
Philippines,PHL,1985,4.3675259474507
Philippines,PHL,1988,4.58240811304669
Philippines,PHL,1991,4.910716971087882
Philippines,PHL,1994,4.978883034511885
Philippines,PHL,1997,6.243172751290159
Philippines,PHL,2000,5.914082602491129
Philippines,PHL,2003,6.0221962691088615
Philippines,PHL,2006,6.1282739116569065
Philippines,PHL,2009,6.430517353979152
Philippines,PHL,2012,6.333589484421808
Philippines,PHL,2015,6.760471551777228
Philippines,PHL,2018,7.056157202907018
Poland,POL,1985,14.4093394133306
Poland,POL,1986,14.728813837147436
Poland,POL,1987,14.718862622442298
Poland,POL,1989,21.14405726742587
Poland,POL,1992,16.23363748931062
Poland,POL,1993,9.499834174834094
Poland,POL,1995,13.350974424254773
Poland,POL,1996,6.645345155932791
Poland,POL,1998,14.652021664189684
Poland,POL,1999,14.4133486865407
Poland,POL,2000,14.412837870340622
Poland,POL,2001,14.230324566363144
Poland,POL,2002,14.353324914455976
Poland,POL,2003,15.857880539592076
Poland,POL,2004,16.538436922272652
Poland,POL,2005,14.825580721490528
Poland,POL,2006,15.776737480105105
Poland,POL,2007,16.756744589484217
Poland,POL,2008,17.955470614244263
Poland,POL,2009,18.279748645390598
Poland,POL,2010,18.437454508824743
Poland,POL,2011,18.172450334287376
Poland,POL,2012,18.062854276808924
Poland,POL,2013,18.26254901729239
Poland,POL,2014,18.51485742433361
Poland,POL,2015,18.881311840755888
Poland,POL,2016,19.745011772603064
Poland,POL,2017,20.12194896824707
Poland,POL,2018,19.90986392869476
Poland,POL,2019,20.499294694592407
Portugal,PRT,2003,29.86706184831284
Portugal,PRT,2004,30.854955427944848
Portugal,PRT,2005,30.76427383687607
Portugal,PRT,2006,31.31059302599252
Portugal,PRT,2007,31.540647977019933
Portugal,PRT,2008,31.2613451482248
Portugal,PRT,2009,31.9568009613602
Portugal,PRT,2010,31.4071778991343
Portugal,PRT,2011,30.074615859268256
Portugal,PRT,2012,28.31679232395548
Portugal,PRT,2013,28.25016341209103
Portugal,PRT,2014,28.75450192307868
Portugal,PRT,2015,30.269052099114266
Portugal,PRT,2016,31.03973267439719
Portugal,PRT,2017,31.258412474680128
Portugal,PRT,2018,32.989954720594724
Portugal,PRT,2019,35.26192495123064
Romania,ROU,1989,16.861052859013
Romania,ROU,1992,11.162528175564304
Romania,ROU,1994,4.775979823112665
Romania,ROU,1995,9.15940807713108
Romania,ROU,1997,8.39480407030128
Romania,ROU,1998,8.620017259002966
Romania,ROU,1999,5.85128507722346
Romania,ROU,2000,5.645461582965934
Romania,ROU,2001,6.22335337121881
Romania,ROU,2002,6.434473613249535
Romania,ROU,2003,6.829174606141729
Romania,ROU,2004,7.610500450938097
Romania,ROU,2005,8.039208495270602
Romania,ROU,2006,8.215118080371552
Romania,ROU,2007,8.98955584747449
Romania,ROU,2008,10.66380007078828
Romania,ROU,2009,10.845435556687985
Romania,ROU,2010,10.410948696893904
Romania,ROU,2011,10.19571714371727
Romania,ROU,2012,10.394722131566288
Romania,ROU,2013,10.4620644915641
Romania,ROU,2014,11.438276343666908
Romania,ROU,2015,12.340566970052944
Romania,ROU,2016,11.99592098648978
Romania,ROU,2017,17.608608718755104
Romania,ROU,2018,14.344636725964063
Romania,ROU,2019,21.466862201043767
Russia,RUS,1993,14.402224186359533
Russia,RUS,1996,13.706055010918634
Russia,RUS,1997,12.516556857524746
Russia,RUS,1998,11.259145481040743
Russia,RUS,1999,8.969357412763669
Russia,RUS,2000,9.829374094687466
Russia,RUS,2001,11.063906334434495
Russia,RUS,2002,12.259850371507977
Russia,RUS,2003,13.503799585014525
Russia,RUS,2004,14.561733145621291
Russia,RUS,2005,16.015690585065578
Russia,RUS,2006,17.439527476823518
Russia,RUS,2007,20.223498007253585
Russia,RUS,2008,22.377514937564648
Russia,RUS,2009,21.349068849607896
Russia,RUS,2010,22.96392229068815
Russia,RUS,2011,23.86163220619876
Russia,RUS,2012,25.107235595717604
Russia,RUS,2013,25.64601776064316
Russia,RUS,2014,25.181018666329987
Russia,RUS,2015,23.061456778707143
Russia,RUS,2016,22.523245625141843
Russia,RUS,2017,22.56980111899373
Russia,RUS,2018,22.866002028919528
Russia,RUS,2019,23.7168054683854
Russia,RUS,2020,22.53016061835032
Rwanda,RWA,2000,2.112521080642039
Rwanda,RWA,2005,2.73733296524667
Rwanda,RWA,2010,2.910258579452512
Rwanda,RWA,2013,3.102005732213067
Rwanda,RWA,2016,3.086795568975547
Rwanda - rural,,1984,2.336094809098144
Saint Lucia,LCA,1995,3.6599543191705712
Saint Lucia,LCA,2016,20.05330722114429
Samoa,WSM,2002,10.130467930349177
Samoa,WSM,2008,10.775026938519597
Samoa,WSM,2013,10.20471801475556
Sao Tome and Principe,STP,2000,4.157788992473255
Sao Tome and Principe,STP,2010,3.8277443702398255
Sao Tome and Principe,STP,2017,5.461850640931948
Senegal,SEN,1991,2.267872697568275
Senegal,SEN,1994,2.5430067455866983
Senegal,SEN,2001,2.934368136468042
Senegal,SEN,2005,3.3156267876871968
Senegal,SEN,2011,3.3641634975711248
Senegal,SEN,2018,5.964489053451096
Serbia,SRB,2002,16.383299702629802
Serbia,SRB,2003,14.633917435052336
Serbia,SRB,2004,13.689799654776026
Serbia,SRB,2005,14.62673995051403
Serbia,SRB,2006,13.725324484756548
Serbia,SRB,2007,13.85619246552563
Serbia,SRB,2008,14.1126265374164
Serbia,SRB,2009,13.890447873077765
Serbia,SRB,2010,13.446086487844225
Serbia,SRB,2012,14.206493282859306
Serbia,SRB,2013,13.328530005817496
Serbia,SRB,2014,13.112410574929854
Serbia,SRB,2015,15.033198566507776
Serbia,SRB,2016,13.753367735869626
Serbia,SRB,2017,13.836538691910723
Serbia,SRB,2018,16.32361527554107
Serbia,SRB,2019,15.290704072289088
Seychelles,SYC,1999,20.161915469845106
Seychelles,SYC,2006,18.3157658924069
Seychelles,SYC,2013,24.125065645729173
Seychelles,SYC,2018,22.256336840234408
Sierra Leone,SLE,1989,2.125052208703784
Sierra Leone,SLE,2003,2.4680102630243974
Sierra Leone,SLE,2011,3.1890442205799303
Sierra Leone,SLE,2018,3.885886325019997
Slovakia,SVK,1992,15.342223145638638
Slovakia,SVK,1996,15.702264445262202
Slovakia,SVK,2004,13.664740578979924
Slovakia,SVK,2005,15.739476182885594
Slovakia,SVK,2006,17.4139302140563
Slovakia,SVK,2007,17.716351611185228
Slovakia,SVK,2008,18.000027467308207
Slovakia,SVK,2009,16.55905752511792
Slovakia,SVK,2010,23.68541982138163
Slovakia,SVK,2011,24.581226030819455
Slovakia,SVK,2012,22.556124299533003
Slovakia,SVK,2013,23.14532342685389
Slovakia,SVK,2014,22.56739089384896
Slovakia,SVK,2015,23.03981175111015
Slovakia,SVK,2016,23.3041486160743
Slovakia,SVK,2017,24.03745289267693
Slovakia,SVK,2018,25.39571792305176
Slovakia,SVK,2019,26.043639309178538
Slovenia,SVN,1987,38.68897389787889
Slovenia,SVN,1993,23.40825964927373
Slovenia,SVN,1997,26.647986218369475
Slovenia,SVN,1998,26.296173992416065
Slovenia,SVN,1999,26.79157202061327
Slovenia,SVN,2002,27.584207937893943
Slovenia,SVN,2003,27.232476342680883
Slovenia,SVN,2004,33.34924594304796
Slovenia,SVN,2005,34.52492792538014
Slovenia,SVN,2006,35.74491336347921
Slovenia,SVN,2007,37.60946591643953
Slovenia,SVN,2008,38.72907411814931
Slovenia,SVN,2009,38.983010549912656
Slovenia,SVN,2010,39.03746937274515
Slovenia,SVN,2011,38.70411697076965
Slovenia,SVN,2012,37.10659578715533
Slovenia,SVN,2013,36.90782461330548
Slovenia,SVN,2014,37.81600241836939
Slovenia,SVN,2015,37.958147891693926
Slovenia,SVN,2016,39.10127803966622
Slovenia,SVN,2017,40.0176114421424
Slovenia,SVN,2018,42.537229308707694
Slovenia,SVN,2019,43.449783190139925
Solomon Islands,SLB,2005,3.208986949920588
Solomon Islands,SLB,2012,4.024132832481595
Somalia,SOM,2017,1.932211887798504
South Africa,ZAF,1993,7.513056866362889
South Africa,ZAF,2000,6.417807229275766
South Africa,ZAF,2005,9.539622674921478
South Africa,ZAF,2008,12.029985383278838
South Africa,ZAF,2010,12.683934451190876
South Africa,ZAF,2014,11.947530692877017
South Asia,,1990,2.68582833044218
South Asia,,1991,2.702827475853114
South Asia,,1992,2.7599415500270403
South Asia,,1993,2.8028747512728973
South Asia,,1994,2.836613624252305
South Asia,,1995,2.915373411015497
South Asia,,1996,2.971673203455385
South Asia,,2002,3.136542045095766
South Asia,,2003,3.2034908139899043
South Asia,,2004,3.296089217358793
South Asia,,2005,3.386612623082469
South Asia,,2006,3.45418349205086
South Asia,,2007,3.5379383081778597
South Asia,,2008,3.596063457694541
South Asia,,2009,3.656761166681349
South Asia,,2010,3.813805528376824
South Asia,,2011,4.083156477036558
South Asia,,2012,4.204887832574135
South Asia,,2013,4.256189970512309
South Asia,,2014,4.298620804250807
South Asia,,2015,4.360605329971357
South Asia,,2016,4.44168935091689
South Asia,,2017,4.747508186763607
South Asia,,2018,5.033612790016238
South Asia,,2019,5.25295933710518
South Korea,KOR,2006,35.73530232077785
South Korea,KOR,2008,36.929735144361615
South Korea,KOR,2010,37.44063870257973
South Korea,KOR,2012,39.524475183246615
South Korea,KOR,2014,41.45008865061897
South Korea,KOR,2016,43.20898269299252
South Sudan,SSD,2009,4.4447179662167215
South Sudan,SSD,2016,2.150079633502672
Spain,ESP,1980,21.007637029141435
Spain,ESP,1985,20.646706236129887
Spain,ESP,1990,26.671369331483007
Spain,ESP,1995,32.9953213650321
Spain,ESP,2000,40.9186833485154
Spain,ESP,2003,38.436887942136046
Spain,ESP,2004,38.93815054511209
Spain,ESP,2005,39.9383458163701
Spain,ESP,2006,40.306661580435694
Spain,ESP,2007,48.051845939435054
Spain,ESP,2008,48.86146445565642
Spain,ESP,2009,48.80318295350537
Spain,ESP,2010,46.15019965199632
Spain,ESP,2011,44.42337133498281
Spain,ESP,2012,42.32389232123435
Spain,ESP,2013,41.16602737042517
Spain,ESP,2014,41.37686009534365
Spain,ESP,2015,42.56748455991747
Spain,ESP,2016,44.122399405555385
Spain,ESP,2017,44.59995032248784
Spain,ESP,2018,44.85056510452635
Spain,ESP,2019,46.86613490741824
Sri Lanka,LKA,1985,4.359918768456628
Sri Lanka,LKA,1990,4.56928298459582
Sri Lanka,LKA,1995,4.969461759233646
Sri Lanka,LKA,2002,5.83350555499492
Sri Lanka,LKA,2006,6.8615545943950655
Sri Lanka,LKA,2009,6.911454875426548
Sri Lanka,LKA,2012,7.875567784561804
Sri Lanka,LKA,2016,9.070544471085062
Sub-Saharan Africa,,1990,3.595404474435964
Sub-Saharan Africa,,1991,3.48790519487087
Sub-Saharan Africa,,1992,3.349214599200786
Sub-Saharan Africa,,1993,3.170827213464547
Sub-Saharan Africa,,1994,3.1179387865578208
Sub-Saharan Africa,,1995,3.178744058431485
Sub-Saharan Africa,,1996,3.263732356089304
Sub-Saharan Africa,,1997,3.256323137593631
Sub-Saharan Africa,,1998,3.2219704109584506
Sub-Saharan Africa,,1999,3.1739604370938737
Sub-Saharan Africa,,2000,3.152262238276841
Sub-Saharan Africa,,2001,3.162926330364456
Sub-Saharan Africa,,2002,3.228536482605177
Sub-Saharan Africa,,2003,3.2540770356345337
Sub-Saharan Africa,,2004,3.3975597820580665
Sub-Saharan Africa,,2005,3.535049440539079
Sub-Saharan Africa,,2006,3.66467245087709
Sub-Saharan Africa,,2007,3.747296641968257
Sub-Saharan Africa,,2008,3.839900389856425
Sub-Saharan Africa,,2009,3.845607071408761
Sub-Saharan Africa,,2010,3.9790054304309694
Sub-Saharan Africa,,2011,4.031770419092294
Sub-Saharan Africa,,2012,4.054604274319226
Sub-Saharan Africa,,2013,4.110732936573444
Sub-Saharan Africa,,2014,4.178605347750363
Sub-Saharan Africa,,2015,4.170530783717077
Sub-Saharan Africa,,2016,4.190362473896792
Sub-Saharan Africa,,2017,4.24373059585933
Sub-Saharan Africa,,2018,4.312782472522201
Sub-Saharan Africa,,2019,4.35248944416866
Sudan,SDN,2009,4.674115053881278
Sudan,SDN,2014,4.563741865572953
Suriname - urban,,1999,13.081428302195132
Sweden,SWE,1967,18.120917386359704
Sweden,SWE,1975,28.02573318569536
Sweden,SWE,1981,29.34704847688641
Sweden,SWE,1987,31.535291002316296
Sweden,SWE,1992,37.35466703977988
Sweden,SWE,1995,35.247053555310295
Sweden,SWE,2000,40.50997438182873
Sweden,SWE,2003,39.91419901463722
Sweden,SWE,2004,40.97629282965213
Sweden,SWE,2005,41.382911370044376
Sweden,SWE,2006,43.846262461733325
Sweden,SWE,2007,46.47435380008057
Sweden,SWE,2008,48.01049079277151
Sweden,SWE,2009,48.31235077049759
Sweden,SWE,2010,49.06203704147914
Sweden,SWE,2011,49.572586233555015
Sweden,SWE,2012,50.734733532255206
Sweden,SWE,2013,52.06020369458841
Sweden,SWE,2014,53.293903627235046
Sweden,SWE,2015,55.13656715220199
Sweden,SWE,2016,56.00129078295879
Sweden,SWE,2017,55.964647423152535
Sweden,SWE,2018,56.586640693885904
Sweden,SWE,2019,57.70122441874597
Switzerland,CHE,1982,73.21123024201454
Switzerland,CHE,1992,69.45505386268765
Switzerland,CHE,2000,68.67380531877205
Switzerland,CHE,2002,70.95937819157446
Switzerland,CHE,2006,71.86779780804017
Switzerland,CHE,2007,73.74802800508319
Switzerland,CHE,2008,74.26698340039782
Switzerland,CHE,2009,73.9532861456099
Switzerland,CHE,2010,74.23219827392823
Switzerland,CHE,2011,75.28656188359719
Switzerland,CHE,2012,77.14793114861118
Switzerland,CHE,2013,76.78760508884969
Switzerland,CHE,2014,77.71382404570424
Switzerland,CHE,2015,77.35655214450142
Switzerland,CHE,2016,78.75465531160671
Switzerland,CHE,2017,78.50205101551283
Switzerland,CHE,2018,77.10288515289953
Syria,SYR,1996,7.390194940455536
Syria,SYR,2003,9.303087767371071
Taiwan,TWN,1981,16.562908693326538
Taiwan,TWN,1986,22.06217059756038
Taiwan,TWN,1991,36.5814317492014
Taiwan,TWN,1995,42.66105430614792
Taiwan,TWN,1997,45.16198646126153
Taiwan,TWN,2000,47.895953390966696
Taiwan,TWN,2005,47.98935331225596
Taiwan,TWN,2007,45.377017434233885
Taiwan,TWN,2010,42.16812776885215
Taiwan,TWN,2013,42.8755604227418
Taiwan,TWN,2016,46.00560305769147
Tajikistan,TJK,1999,2.1294863853699497
Tajikistan,TJK,2003,3.1423593425054497
Tajikistan,TJK,2004,4.162089365346449
Tajikistan,TJK,2007,4.724600288738303
Tajikistan,TJK,2009,5.566657522141038
Tajikistan,TJK,2015,6.518495336253049
Tanzania,TZA,1991,2.0146690867466384
Tanzania,TZA,2000,1.4235555980511505
Tanzania,TZA,2007,2.6591426574961217
Tanzania,TZA,2011,3.114370343976435
Tanzania,TZA,2018,3.2947499419190533
Thailand,THA,1981,5.658115342292352
Thailand,THA,1988,5.914111268913935
Thailand,THA,1990,6.613304573406539
Thailand,THA,1992,7.960513163639965
Thailand,THA,1994,8.369532593428419
Thailand,THA,1996,9.08800490525768
Thailand,THA,1998,9.086131620270995
Thailand,THA,1999,8.683802283676638
Thailand,THA,2000,8.566592840667957
Thailand,THA,2002,9.684543113675668
Thailand,THA,2004,10.929815938999193
Thailand,THA,2006,12.251189487758362
Thailand,THA,2007,12.206770875133584
Thailand,THA,2008,12.900279930892324
Thailand,THA,2009,13.342325164040975
Thailand,THA,2010,13.767732134199695
Thailand,THA,2011,13.974326798936811
Thailand,THA,2012,15.064870548987075
Thailand,THA,2013,15.304193565772987
Thailand,THA,2014,15.27769050388741
Thailand,THA,2015,15.991343862302909
Thailand,THA,2016,16.005253032741308
Thailand,THA,2017,16.253339277098988
Thailand,THA,2018,15.99203043851838
Thailand,THA,2019,16.04333635926355
Thailand,THA,2020,16.388569968166685
Timor,TLS,2001,4.321377461760038
Timor,TLS,2007,3.7991689711548537
Timor,TLS,2014,4.653626874418889
Togo,TGO,2006,2.539533988548153
Togo,TGO,2011,2.662241103158284
Togo,TGO,2015,2.728987898410182
Togo,TGO,2018,4.531642502651377
Tonga,TON,2000,11.338632110740878
Tonga,TON,2009,10.589045291862996
Tonga,TON,2015,10.978487339234809
Trinidad and Tobago,TTO,1988,18.759099258676244
Trinidad and Tobago,TTO,1992,13.16319254883331
Tunisia,TUN,1985,6.98925194716893
Tunisia,TUN,1990,7.517815972222527
Tunisia,TUN,1995,7.6596501144338065
Tunisia,TUN,2000,9.062096162830032
Tunisia,TUN,2005,9.981020292555495
Tunisia,TUN,2010,11.659964116656008
Tunisia,TUN,2015,13.775789851412238
Turkey,TUR,1987,10.770423511575308
Turkey,TUR,1994,10.539348385312827
Turkey,TUR,2002,11.408101241251853
Turkey,TUR,2003,10.844959978921125
Turkey,TUR,2004,13.327562137610308
Turkey,TUR,2005,14.167987184666645
Turkey,TUR,2006,14.237840929301289
Turkey,TUR,2007,15.012500008327509
Turkey,TUR,2008,16.608338227864483
Turkey,TUR,2009,16.434209114314235
Turkey,TUR,2010,16.712503919809734
Turkey,TUR,2011,18.28219669590327
Turkey,TUR,2012,18.98791785995232
Turkey,TUR,2013,19.759833074877424
Turkey,TUR,2014,20.6372968099838
Turkey,TUR,2015,20.67530603051817
Turkey,TUR,2016,21.681539697956943
Turkey,TUR,2017,22.078205059839355
Turkey,TUR,2018,22.545924721260636
Turkey,TUR,2019,22.202901920505354
Turkmenistan,TKM,1998,3.334394785409493
Tuvalu,TUV,2010,8.368611884201709
Uganda,UGA,1989,2.520605846259609
Uganda,UGA,1992,2.278355998069084
Uganda,UGA,1996,2.277116380453617
Uganda,UGA,1999,2.223205714727152
Uganda,UGA,2002,2.442537479291444
Uganda,UGA,2005,2.718639091457172
Uganda,UGA,2009,3.375851762397328
Uganda,UGA,2012,3.684333411598872
Uganda,UGA,2016,3.543682239532221
Uganda,UGA,2019,3.5151082433859244
Ukraine,UKR,1992,7.172664952634508
Ukraine,UKR,1993,7.212834026854622
Ukraine,UKR,1995,7.546886081735758
Ukraine,UKR,1996,6.3072641741035325
Ukraine,UKR,1999,4.486710931117538
Ukraine,UKR,2002,6.815588649655141
Ukraine,UKR,2003,7.630714022441636
Ukraine,UKR,2004,8.542662690544807
Ukraine,UKR,2005,10.136439371683212
Ukraine,UKR,2006,10.973012487335726
Ukraine,UKR,2007,10.431300936687617
Ukraine,UKR,2008,11.94363470036926
Ukraine,UKR,2009,11.064781982315631
Ukraine,UKR,2010,11.80262402307099
Ukraine,UKR,2011,12.262778887328352
Ukraine,UKR,2012,12.772745146602904
Ukraine,UKR,2013,13.491663669810224
Ukraine,UKR,2014,12.981751626006591
Ukraine,UKR,2015,11.701229757476908
Ukraine,UKR,2016,11.858196488933777
Ukraine,UKR,2017,12.9989671391223
Ukraine,UKR,2018,13.589136785886696
Ukraine,UKR,2019,14.921345191716672
Ukraine,UKR,2020,14.315956929974844
United Arab Emirates,ARE,2013,72.45095059139214
United Kingdom,GBR,1969,17.718817455628063
United Kingdom,GBR,1974,24.656815365737465
United Kingdom,GBR,1979,26.039300809886704
United Kingdom,GBR,1986,28.470271951881248
United Kingdom,GBR,1991,34.68688471731
United Kingdom,GBR,1994,38.65419125209053
United Kingdom,GBR,1995,38.73472526181084
United Kingdom,GBR,1996,40.25667154503971
United Kingdom,GBR,1997,41.70548820245317
United Kingdom,GBR,1998,43.96361283170929
United Kingdom,GBR,1999,45.02408556202858
United Kingdom,GBR,2000,50.67638741547413
United Kingdom,GBR,2001,51.26130204506919
United Kingdom,GBR,2002,49.61958262649628
United Kingdom,GBR,2003,50.595325331317895
United Kingdom,GBR,2004,48.78342450265885
United Kingdom,GBR,2005,48.273905015072096
United Kingdom,GBR,2006,51.7362979670153
United Kingdom,GBR,2007,54.13437421427051
United Kingdom,GBR,2008,49.823581212840764
United Kingdom,GBR,2009,49.76090734196492
United Kingdom,GBR,2010,49.73434795262454
United Kingdom,GBR,2011,48.61115083913452
United Kingdom,GBR,2012,47.92212050383835
United Kingdom,GBR,2013,49.54374484804835
United Kingdom,GBR,2014,50.78377248001056
United Kingdom,GBR,2015,50.55452235792622
United Kingdom,GBR,2016,54.74601369463796
United Kingdom,GBR,2017,54.75618594218073
United States,USA,1974,49.15481121683864
United States,USA,1979,53.22214271187252
United States,USA,1986,56.92988535257404
United States,USA,1991,58.24185078637592
United States,USA,1992,58.25737227004737
United States,USA,1993,59.461177363379214
United States,USA,1994,60.5050630540035
United States,USA,1995,61.42307513115345
United States,USA,1996,62.403832711978346
United States,USA,1997,64.22597681376698
United States,USA,1998,65.98776151009193
United States,USA,1999,67.5422791657497
United States,USA,2000,68.31815617858383
United States,USA,2001,68.30009454941109
United States,USA,2002,68.46806024759937
United States,USA,2003,69.50712291788918
United States,USA,2004,69.18547222194435
United States,USA,2005,70.63839830619331
United States,USA,2006,71.83583313480771
United States,USA,2007,71.34737894742331
United States,USA,2008,69.4207267998659
United States,USA,2009,70.32472338171976
United States,USA,2010,68.57990912398989
United States,USA,2011,69.40685497188477
United States,USA,2012,69.66227676928497
United States,USA,2013,69.2317603072497
United States,USA,2014,69.65698144119112
United States,USA,2015,72.29065559846777
United States,USA,2016,75.6298730773183
United States,USA,2017,76.57571751539324
United States,USA,2018,80.58568808274435
United States,USA,2019,85.87472716838614
Uruguay,URY,2006,18.90215738670653
Uruguay,URY,2007,20.61738695417095
Uruguay,URY,2008,22.637148388605794
Uruguay,URY,2009,24.285551120254837
Uruguay,URY,2010,24.381974773590304
Uruguay,URY,2011,26.23143828806593
Uruguay,URY,2012,26.210944293129213
Uruguay,URY,2013,27.271982400538405
Uruguay,URY,2014,28.78466130817391
Uruguay,URY,2015,29.201385897743965
Uruguay,URY,2016,28.65986639580405
Uruguay,URY,2017,29.76137487727384
Uruguay,URY,2018,29.275401673315635
Uruguay,URY,2019,28.779291376213404
Uruguay,URY,2020,26.653744404836942
Uruguay - urban,,1981,20.39517819413492
Uruguay - urban,,1989,21.615774947971484
Uruguay - urban,,1992,22.898114220080256
Uruguay - urban,,1995,23.28852856192412
Uruguay - urban,,1996,22.58939742251998
Uruguay - urban,,1997,22.719001239760217
Uruguay - urban,,1998,24.308404662797923
Uruguay - urban,,2000,23.37978080743491
Uruguay - urban,,2001,23.55563963577894
Uruguay - urban,,2002,21.00875367586729
Uruguay - urban,,2003,17.462183104976734
Uruguay - urban,,2004,17.704820813802463
Uruguay - urban,,2005,18.21198856672702
Uzbekistan,UZB,1998,2.3933358817729093
Uzbekistan,UZB,2000,1.5514203704580398
Uzbekistan,UZB,2002,1.647323590283862
Uzbekistan,UZB,2003,1.5658518196566409
Vanuatu,VUT,2010,5.296341190926353
Vanuatu,VUT,2019,5.427668419829615
Venezuela,VEN,1981,16.59721340845707
Venezuela,VEN,1987,14.728352159297335
Venezuela,VEN,1989,13.27444910520816
Venezuela,VEN,1992,12.20677198795491
Venezuela,VEN,1995,9.785224641462296
Venezuela,VEN,1998,10.331757020046462
Venezuela,VEN,1999,9.32216126727456
Venezuela,VEN,2001,9.81864745042252
Venezuela,VEN,2002,8.087047591666806
Venezuela,VEN,2003,6.849843254551105
Venezuela,VEN,2004,7.672560590084361
Venezuela,VEN,2005,9.610649128591064
Venezuela,VEN,2006,11.777481256605816
Vietnam,VNM,1992,3.029425816835944
Vietnam,VNM,1997,3.966856076448354
Vietnam,VNM,2002,3.83761723583298
Vietnam,VNM,2004,4.526308602815165
Vietnam,VNM,2006,5.053987756998398
Vietnam,VNM,2008,5.458042714488738
Vietnam,VNM,2010,9.624413781328736
Vietnam,VNM,2012,9.897621436840716
Vietnam,VNM,2014,10.477526832794224
Vietnam,VNM,2016,12.09947237183972
Vietnam,VNM,2018,13.460409951278962
World,OWID_WRL,1990,11.702191667596605
World,OWID_WRL,1991,11.575814211335295
World,OWID_WRL,1992,11.470362549647712
World,OWID_WRL,1993,11.448158291734346
World,OWID_WRL,1994,11.582876102533366
World,OWID_WRL,1995,11.786762705657983
World,OWID_WRL,1996,11.904595187416753
World,OWID_WRL,1997,12.06074730879652
World,OWID_WRL,1998,12.21393146099518
World,OWID_WRL,1999,12.282605935858289
World,OWID_WRL,2000,12.60176326818639
World,OWID_WRL,2001,12.829332254597494
World,OWID_WRL,2002,12.978541502588532
World,OWID_WRL,2003,13.15655980156335
World,OWID_WRL,2004,13.441109964113677
World,OWID_WRL,2005,13.80729973958165
World,OWID_WRL,2006,14.190963611229076
World,OWID_WRL,2007,14.706367699361715
World,OWID_WRL,2008,14.79621301502642
World,OWID_WRL,2009,14.9090306637681
World,OWID_WRL,2010,15.182656425133988
World,OWID_WRL,2011,15.435087759720888
World,OWID_WRL,2012,15.621872554607217
World,OWID_WRL,2013,15.903953877206671
World,OWID_WRL,2014,16.100644613622546
World,OWID_WRL,2015,16.387679646368255
World,OWID_WRL,2016,16.805338416258486
World,OWID_WRL,2017,17.148087170063356
World,OWID_WRL,2018,17.64085613949807
World,OWID_WRL,2019,18.16471147150997
Yemen,YEM,1998,6.264340844940443
Yemen,YEM,2005,5.205421759577971
Yemen,YEM,2014,4.488544540152665
Zambia,ZMB,1991,3.096850167184692
Zambia,ZMB,1993,2.798628753976752
Zambia,ZMB,1996,3.619054134059232
Zambia,ZMB,1998,3.5836530902428514
Zambia,ZMB,2002,2.73254085053318
Zambia,ZMB,2004,2.9104023445746354
Zambia,ZMB,2006,2.679666106755461
Zambia,ZMB,2010,2.607177549400485
Zambia,ZMB,2015,3.0122740327731043
Zimbabwe,ZWE,2011,5.459878031954673
Zimbabwe,ZWE,2017,4.409204787800059
Zimbabwe,ZWE,2019,4.500191626924349